variant,variant_label,seed,run_id,run_dir,training_completed,total_env_steps,total_ale_frames,total_updates,total_episodes,wall_time_total_sec,env_steps_per_second,updates_per_second,final_score,final_score_median,final_score_std_within_eval,best_score,best_eval_step,area_under_eval_curve,normalized_auc,final_train_score_mean_last_100,final_train_score_std_last_100,success_threshold,first_reach_step,first_sustained_step,reached_threshold,collapse_count,largest_eval_drop,largest_eval_drop_fraction,eval_score_std_across_time,rolling_score_std_mean,td_loss_last10,td_error_abs_mean_last10,td_error_abs_p95_last10,grad_norm_mean_last10,grad_norm_max,gradient_clip_fraction,q_overestimation_proxy_last10,online_q_mean_last10,online_q_max_mean_last10,target_q_mean_last10,max_q_value_seen,replay_enabled,final_buffer_size,sample_age_mean_last10,sample_consecutive_transition_fraction_last10,target_network_enabled,target_update_count,online_target_param_l2_mean,online_target_param_l2_max,nan_detected,inf_detected,loss_explosion,q_value_explosion,gradient_explosion,early_terminated,final_zero_score_rate,reference_random_score,reference_human_score,reference_dqn_score,use_target_network,use_replay_buffer,use_double_dqn,use_dueling_network,freeway_up_bias,learning_rate,gamma,batch_size,target_update_frequency,epsilon_decay_steps,first_reach_score_5_0_step,reached_score_5_0,first_reach_score_10_0_step,reached_score_10_0,first_reach_score_15_0_step,reached_score_15_0,first_reach_score_22_5_step,reached_score_22_5,best_final_gap,final_solved
dqn,DQN baseline,0,freeway_dqn_seed0_20260520_020227,output/run_freeway_upbiased_20260520_110511/freeway/dqn/seed_0/freeway_dqn_seed0_20260520_020227,True,1000000.0,4000000.0,245001.0,489.0,15471.886617441,64.63335886088576,15.83523755427587,28.9,29.0,1.2609520212918492,29.6,950000.0,15741000.0,15.741,27.43,1.6985582121316891,15.0,340000.0,400000.0,True,5.0,17.55,1.0,11.322407639278847,1.6985582121316891,0.0002881708385943131,0.017306720488229576,0.04228242391682401,0.03947664684567978,0.1492949614367003,0.0,0.0032110695936241928,0.9736016901171938,1.0427140381871438,1.0395029685935195,1.8600823879241943,True,25000.0,12572.25306122449,0.0007899934167215273,True,126.0,0.16600757971755137,0.2535692874392486,False,False,False,False,False,False,0.0,0.0,29.6,30.3,True,True,False,False,0.5,6.25e-05,0.99,32.0,8000.0,250000.0,90000.0,True,150000.0,True,340000.0,True,550000.0,True,0.7000000000000028,True
dqn,DQN baseline,1,freeway_dqn_seed1_20260520_020227,output/run_freeway_upbiased_20260520_110511/freeway/dqn/seed_1/freeway_dqn_seed1_20260520_020227,True,1000000.0,4000000.0,245001.0,489.0,15246.993619810004,65.58670023320055,16.068807143834366,27.15,27.5,1.4585952145814822,27.85,920000.0,14717750.0,14.71775,26.59,1.5105959089048269,15.0,220000.0,440000.0,True,19.0,15.4,1.0,11.215683784326304,1.5105959089048269,0.00041714729078955073,0.021335210784205368,0.052740813213951736,0.07270726289490803,0.22223435462331645,0.0,-0.002355697690224161,1.6311267191050003,1.7047254431004426,1.7070811407906668,3.785168170928955,True,25000.0,12612.64706632653,0.0013166556945358788,True,126.0,0.2051168013634686,0.29687022776884336,False,False,False,False,False,False,0.0,0.0,29.6,30.3,True,True,False,False,0.5,6.25e-05,0.99,32.0,8000.0,250000.0,150000.0,True,200000.0,True,220000.0,True,520000.0,True,0.7000000000000028,True
dqn,DQN baseline,2,freeway_dqn_seed2_20260520_020227,output/run_freeway_upbiased_20260520_110511/freeway/dqn/seed_2/freeway_dqn_seed2_20260520_020227,True,1000000.0,4000000.0,245001.0,489.0,15375.820424135003,65.03717996278934,15.934174128063349,28.95,29.0,1.6271140095272978,28.95,650000.0,17019750.0,17.01975,28.25,1.5256146302392357,15.0,220000.0,430000.0,True,17.0,17.75,1.0,11.51455013233257,1.5256146302392357,0.00027909464287756923,0.01740055951308839,0.04290680616941987,0.04183642703727366,0.13274346238439105,0.0,0.0023650733792051977,1.0694611938632264,1.1398018944020174,1.1374368210228123,2.009492874145508,True,25000.0,12420.553698979591,0.002238314680710994,True,126.0,0.1774902832380329,0.27537827385077135,False,False,False,False,False,False,0.0,0.0,29.6,30.3,True,True,False,False,0.5,6.25e-05,0.99,32.0,8000.0,250000.0,40000.0,True,40000.0,True,220000.0,True,500000.0,True,0.0,True
dqn,DQN baseline,3,freeway_dqn_seed3_20260520_020227,output/run_freeway_upbiased_20260520_110511/freeway/dqn/seed_3/freeway_dqn_seed3_20260520_020227,True,1000000.0,4000000.0,245001.0,489.0,15425.719517332007,64.82679779548835,15.88263028669244,28.15,28.0,1.0136567466356647,29.8,970000.0,16361500.0,16.3615,28.06,1.666253282067285,15.0,10000.0,440000.0,True,39.0,22.15,1.0,10.890389616538059,1.666253282067285,0.00027750447004610597,0.017793409568162596,0.04285961024615229,0.04771231297021898,0.12450234393047555,0.0,0.002054989581205407,1.2515922551252403,1.3169684181408006,1.3149134285595951,2.6623432636260986,True,25000.0,12467.769515306123,0.001053324555628703,True,126.0,0.18442682762228227,0.2728703498751339,False,False,False,False,False,False,0.0,0.0,29.6,30.3,True,True,False,False,0.5,6.25e-05,0.99,32.0,8000.0,250000.0,10000.0,True,10000.0,True,10000.0,True,470000.0,True,1.6500000000000021,True
dqn_no_target,DQN without target network,0,freeway_dqn_no_target_seed0_20260520_230527,output/run_freeway_upbiased_20260520_110511/freeway/dqn_no_target/seed_0/freeway_dqn_no_target_seed0_20260520_230527,True,1000000.0,4000000.0,245001.0,489.0,12688.681478570004,78.81039505081016,19.30862559784354,25.2,25.5,1.6613247725836147,29.0,970000.0,20863500.0,20.8635,26.33,1.8711226576576963,15.0,120000.0,150000.0,True,2.0,16.25,0.9129213483146067,7.257459248938294,1.8711226576576963,0.0004890316954756878,0.022555662425501007,0.05607552669030063,0.05746266434906341,0.3881541321178715,0.0,0.00020941958135488082,1.470663901737758,1.5158551157737266,1.5156456961923717,7.592260837554932,True,25000.0,12572.25306122449,0.0007899934167215273,False,,,,False,False,False,False,False,False,0.0,0.0,29.6,30.3,False,True,False,False,0.5,6.25e-05,0.99,32.0,8000.0,250000.0,60000.0,True,60000.0,True,120000.0,True,330000.0,True,3.8000000000000007,True
dqn_no_target,DQN without target network,1,freeway_dqn_no_target_seed1_20260520_230527,output/run_freeway_upbiased_20260520_110511/freeway/dqn_no_target/seed_1/freeway_dqn_no_target_seed1_20260520_230527,True,1000000.0,4000000.0,245001.0,489.0,12630.499331537998,79.17343358730311,19.39757040232285,28.05,28.0,1.2835497652993435,29.1,980000.0,20296750.0,20.29675,26.79,1.8777380008936286,15.0,50000.0,260000.0,True,14.0,21.8,1.0,7.954154951973214,1.8777380008936286,0.0004447290922719415,0.02188959543270116,0.055029537179032154,0.058858596205280764,0.21185468342253846,0.0,0.0004277204980655592,1.4883133430870212,1.535766196737484,1.5353384762394184,13.734511375427246,True,25000.0,12612.64706632653,0.0013166556945358788,False,,,,False,False,False,False,False,False,0.0,0.0,29.6,30.3,False,True,False,False,0.5,6.25e-05,0.99,32.0,8000.0,250000.0,30000.0,True,30000.0,True,50000.0,True,260000.0,True,1.0500000000000007,True
dqn_no_target,DQN without target network,2,freeway_dqn_no_target_seed2_20260520_230527,output/run_freeway_upbiased_20260520_110511/freeway/dqn_no_target/seed_2/freeway_dqn_no_target_seed2_20260520_230527,True,1000000.0,4000000.0,245001.0,489.0,12486.976870029,80.08343495855915,19.62052164828195,27.6,28.0,0.9165151389911681,29.5,940000.0,21269000.0,21.269,27.5,1.5329709716755893,15.0,40000.0,220000.0,True,10.0,20.599999999999998,1.0,7.8703526604593765,1.5329709716755893,0.00040597507364249655,0.021014792061581904,0.05185643813135673,0.05435067670183219,0.27686958710884185,0.0,0.0004810197012765067,1.4879020092438677,1.5345880060779804,1.534106986376704,6.880667209625244,True,25000.0,12420.553698979591,0.002238314680710994,False,,,,False,False,False,False,False,False,0.0,0.0,29.6,30.3,False,True,False,False,0.5,6.25e-05,0.99,32.0,8000.0,250000.0,30000.0,True,30000.0,True,40000.0,True,230000.0,True,1.8999999999999986,True
dqn_no_target,DQN without target network,3,freeway_dqn_no_target_seed3_20260520_230527,output/run_freeway_upbiased_20260520_110511/freeway/dqn_no_target/seed_3/freeway_dqn_no_target_seed3_20260520_230527,True,1000000.0,4000000.0,245001.0,489.0,12669.938633730999,78.92698054098811,19.337189159522627,28.1,28.0,1.1357816691600549,29.65,870000.0,21103750.0,21.10375,27.04,1.72,15.0,10000.0,160000.0,True,12.0,22.15,1.0,7.243086358728577,1.72,0.00041615891921314963,0.02110996611644419,0.05316399489434398,0.055292930850384406,0.15197301387752446,0.0,0.001975450223805953,1.5008272939798784,1.5497874191829137,1.5478119689591077,6.352653980255127,True,25000.0,12467.769515306123,0.001053324555628703,False,,,,False,False,False,False,False,False,0.0,0.0,29.6,30.3,False,True,False,False,0.5,6.25e-05,0.99,32.0,8000.0,250000.0,10000.0,True,10000.0,True,10000.0,True,250000.0,True,1.5499999999999972,True
dqn_no_replay,DQN without replay buffer,0,freeway_dqn_no_replay_seed0_20260521_040430,output/run_freeway_upbiased_20260520_110511/freeway/dqn_no_replay/seed_0/freeway_dqn_no_replay_seed0_20260521_040430,True,1000000.0,4000000.0,1000000.0,489.0,37598.316893003,26.59693525233569,26.59693525233569,0.0,0.0,0.0,21.65,10000.0,994750.0,0.99475,0.21,0.5530822723609934,15.0,10000.0,,True,98.0,21.65,1.0,3.65814720862898,0.5530822723609934,6.748670030037513e-06,0.001221497468650341,0.001221497468650341,0.0014680330255209513,0.11497642646141804,0.0,-0.0011412049159407617,0.10595213814824819,0.10916676424443722,0.11030796916037798,1.7070252895355225,False,0.0,0.0,1.0,True,126.0,0.032362156069281015,0.25851598857869384,False,False,False,False,False,False,1.0,0.0,29.6,30.3,True,False,False,False,0.5,6.25e-05,0.99,1.0,8000.0,250000.0,10000.0,True,10000.0,True,10000.0,True,,False,21.65,False
dqn_no_replay,DQN without replay buffer,1,freeway_dqn_no_replay_seed1_20260521_040430,output/run_freeway_upbiased_20260520_110511/freeway/dqn_no_replay/seed_1/freeway_dqn_no_replay_seed1_20260521_040430,True,1000000.0,4000000.0,1000000.0,489.0,37588.817304444005,26.603656930748212,26.603656930748212,22.6,23.0,1.42828568570857,24.9,890000.0,15550000.0,15.55,22.67,1.8550202155232702,15.0,60000.0,260000.0,True,26.0,22.8,1.0,9.612685940984445,1.8550202155232702,0.0008821645785535992,0.03147406225651503,0.03147406225651503,0.13651561640121207,2.6687900269128715,0.0,-0.006726552426815033,1.3826858367286623,1.4480765599459409,1.454803112372756,3.1611578464508057,False,0.0,0.0,1.0,True,126.0,0.6084141811324776,0.9658788197851171,False,False,False,False,False,False,0.0,0.0,29.6,30.3,True,False,False,False,0.5,6.25e-05,0.99,1.0,8000.0,250000.0,60000.0,True,60000.0,True,60000.0,True,490000.0,True,2.299999999999997,True
dqn_no_replay,DQN without replay buffer,2,freeway_dqn_no_replay_seed2_20260521_040430,output/run_freeway_upbiased_20260520_110511/freeway/dqn_no_replay/seed_2/freeway_dqn_no_replay_seed2_20260521_040430,True,1000000.0,4000000.0,1000000.0,489.0,37513.76837389699,26.656879416460455,26.656879416460455,0.1,0.0,0.30000000000000004,17.15,50000.0,658000.0,0.658,0.36,0.806473806146238,15.0,50000.0,,True,95.0,17.15,1.0,2.550275034187489,0.806473806146238,1.4311022993058642e-05,0.002262735277414322,0.002262735277414322,0.0034845662440815862,0.26920942461388797,0.0,-0.001964425414800644,0.21104639242589474,0.21726821212470532,0.21923263753950595,1.7991737127304077,False,0.0,0.0,1.0,True,126.0,0.0877323490550236,0.2448385808891455,False,False,False,False,False,False,0.9,0.0,29.6,30.3,True,False,False,False,0.5,6.25e-05,0.99,1.0,8000.0,250000.0,30000.0,True,30000.0,True,50000.0,True,,False,17.049999999999997,False
dqn_no_replay,DQN without replay buffer,3,freeway_dqn_no_replay_seed3_20260521_040430,output/run_freeway_upbiased_20260520_110511/freeway/dqn_no_replay/seed_3/freeway_dqn_no_replay_seed3_20260521_040430,True,1000000.0,4000000.0,1000000.0,489.0,37346.014895359,26.776618678108818,26.776618678108818,0.65,1.0,0.47696960070847283,22.65,290000.0,3358000.0,3.358,1.04,1.4485855169785455,15.0,10000.0,,True,88.0,22.65,1.0,6.822463704557174,1.4485855169785455,0.0003492616357262417,0.019096251249313353,0.019096251249313353,0.07010666785499706,1.364112556653047,0.0,-0.008058985069394111,0.7673049990534783,0.7946274912804365,0.8026864763498306,2.724419116973877,False,0.0,0.0,1.0,True,126.0,0.43060497050779184,0.6967787501513966,False,False,False,False,False,False,0.35,0.0,29.6,30.3,True,False,False,False,0.5,6.25e-05,0.99,1.0,8000.0,250000.0,10000.0,True,10000.0,True,10000.0,True,290000.0,True,22.0,False
double_dqn,Double DQN,0,freeway_double_dqn_seed0_20260520_110512,output/run_freeway_upbiased_20260520_110511/freeway/double_dqn/seed_0/freeway_double_dqn_seed0_20260520_110512,True,1000000.0,4000000.0,245001.0,489.0,13365.951683723999,74.8169695404272,18.330232354374203,28.65,28.5,1.2359207094308275,29.6,900000.0,15320250.0,15.32025,28.33,1.3642213896578517,15.0,440000.0,460000.0,True,1.0,5.200000000000001,0.31325301204819284,11.443545899326834,1.3642213896578517,0.0002816297683498955,0.017126789236707348,0.0413343681060538,0.03833744182779262,0.18106502575907482,0.0,0.0050574219956689955,0.8170816041985337,0.8873723168762363,0.8823148948805672,1.7571971416473389,True,25000.0,12572.25306122449,0.0007899934167215273,True,126.0,0.16202902547877643,0.2443803908705789,False,False,False,False,False,False,0.0,0.0,29.6,30.3,True,True,True,False,0.5,6.25e-05,0.99,32.0,8000.0,250000.0,40000.0,True,40000.0,True,440000.0,True,510000.0,True,0.9500000000000028,True
double_dqn,Double DQN,1,freeway_double_dqn_seed1_20260520_110512,output/run_freeway_upbiased_20260520_110511/freeway/double_dqn/seed_1/freeway_double_dqn_seed1_20260520_110512,True,1000000.0,4000000.0,245001.0,489.0,13458.528361421,74.3023288390512,18.20414486789638,28.5,29.0,1.5,28.9,900000.0,14722000.0,14.722,27.55,1.7399712641305316,15.0,50000.0,480000.0,True,40.0,22.3,1.0,11.55382684438364,1.7399712641305316,0.0003291173160375495,0.018844889294432135,0.04683533339019941,0.046988740022132824,0.12723356908272537,0.0,0.006746105028658497,0.9798094754316369,1.0540975921008051,1.0473514870721468,2.1838295459747314,True,25000.0,12612.64706632653,0.0013166556945358788,True,126.0,0.1771053987144461,0.27296299252647055,False,False,False,False,False,False,0.0,0.0,29.6,30.3,True,True,True,False,0.5,6.25e-05,0.99,32.0,8000.0,250000.0,40000.0,True,40000.0,True,50000.0,True,510000.0,True,0.3999999999999986,True
double_dqn,Double DQN,2,freeway_double_dqn_seed2_20260520_110512,output/run_freeway_upbiased_20260520_110511/freeway/double_dqn/seed_2/freeway_double_dqn_seed2_20260520_110512,True,1000000.0,4000000.0,245001.0,489.0,13416.073669131,74.53745593995185,18.261751242744143,31.2,31.0,0.7483314773547882,31.2,1000000.0,15094500.0,15.0945,27.2,2.3194827009486403,15.0,450000.0,450000.0,True,0.0,4.850000000000001,0.17896678966789673,11.779353749251271,2.3194827009486403,0.00031126967936573666,0.018304274082944102,0.04547112178893722,0.04136521501450949,0.15693616878583622,0.0,0.006610727553464929,0.8123609007621299,0.8806971525659366,0.8740864250124717,1.7089115381240845,True,25000.0,12420.553698979591,0.002238314680710994,True,126.0,0.18758878231259088,0.29471613740370384,False,False,False,False,False,False,0.0,0.0,29.6,30.3,True,True,True,False,0.5,6.25e-05,0.99,32.0,8000.0,250000.0,40000.0,True,40000.0,True,450000.0,True,540000.0,True,0.0,True
double_dqn,Double DQN,3,freeway_double_dqn_seed3_20260520_110512,output/run_freeway_upbiased_20260520_110511/freeway/double_dqn/seed_3/freeway_double_dqn_seed3_20260520_110512,True,1000000.0,4000000.0,245001.0,489.0,13511.108104469,74.01317436496826,18.13330173259159,29.05,29.0,1.0712142642814277,29.25,980000.0,16176500.0,16.1765,28.04,1.28,15.0,10000.0,450000.0,True,41.0,22.15,1.0,11.348487509355596,1.28,0.00026893763415686484,0.017350838599460464,0.0436682757142247,0.03964094200046639,0.13186467885878334,0.0,0.005758494746928312,0.8591779618847127,0.929089981195878,0.9233314864489497,1.7776190042495728,True,25000.0,12467.769515306123,0.001053324555628703,True,126.0,0.16266850475157685,0.23832567577723926,False,False,False,False,False,False,0.0,0.0,29.6,30.3,True,True,True,False,0.5,6.25e-05,0.99,32.0,8000.0,250000.0,10000.0,True,10000.0,True,10000.0,True,490000.0,True,0.1999999999999993,True
dueling_dqn,Dueling DQN,0,freeway_dueling_dqn_seed0_20260520_145031,output/run_freeway_upbiased_20260520_110511/freeway/dueling_dqn/seed_0/freeway_dueling_dqn_seed0_20260520_145031,True,1000000.0,4000000.0,245001.0,489.0,14768.070978355998,67.71365071752393,16.58991213944408,28.05,28.0,1.16081867662439,29.55,800000.0,18447500.0,18.4475,28.63,1.4117719362559946,15.0,10000.0,400000.0,True,33.0,21.65,1.0,10.490749925529633,1.4117719362559946,0.0002848099261743245,0.01766549665860984,0.042908459924617594,0.04902168189429704,0.1615355108797263,0.0,0.0012456456009222537,1.3947828721026985,1.4532187705137292,1.451973124912807,2.757425546646118,True,25000.0,12572.25306122449,0.0007899934167215273,True,126.0,0.18183166240871687,0.27081880350149345,False,False,False,False,False,False,0.0,0.0,29.6,30.3,True,True,False,True,0.5,6.25e-05,0.99,32.0,8000.0,250000.0,10000.0,True,10000.0,True,10000.0,True,450000.0,True,1.5,True
dueling_dqn,Dueling DQN,1,freeway_dueling_dqn_seed1_20260520_145031,output/run_freeway_upbiased_20260520_110511/freeway/dueling_dqn/seed_1/freeway_dueling_dqn_seed1_20260520_145031,True,1000000.0,4000000.0,245001.0,489.0,14754.475383572999,67.77604584391779,16.6051990078057,30.15,30.0,0.5722761571129799,30.5,990000.0,17010250.0,17.01025,28.94,1.5672906558772053,15.0,330000.0,420000.0,True,6.0,14.599999999999998,0.9040247678018576,12.070268389725227,1.5672906558772053,0.00025971694222808224,0.016887573818010943,0.04128147089207659,0.045360011760008354,0.12153993807974992,0.0,0.0013857953402460837,1.2677764255173352,1.3291593532173,1.327773557877054,2.609309434890747,True,25000.0,12612.64706632653,0.0013166556945358788,True,126.0,0.17321599821915953,0.2622279677255162,False,False,False,False,False,False,0.0,0.0,29.6,30.3,True,True,False,True,0.5,6.25e-05,0.99,32.0,8000.0,250000.0,50000.0,True,240000.0,True,330000.0,True,450000.0,True,0.3500000000000014,True
dueling_dqn,Dueling DQN,2,freeway_dueling_dqn_seed2_20260520_145031,output/run_freeway_upbiased_20260520_110511/freeway/dueling_dqn/seed_2/freeway_dueling_dqn_seed2_20260520_145031,True,1000000.0,4000000.0,245001.0,489.0,14683.633415952001,68.10303496909833,16.685311670464063,29.0,29.0,1.1832159566199232,29.35,990000.0,16464000.0,16.464,27.93,1.7790727922150908,15.0,260000.0,440000.0,True,9.0,15.299999999999999,0.996742671009772,11.345764363849622,1.7790727922150908,0.0003234380957722778,0.01872001835810287,0.04578474214186474,0.053274755903952024,0.12841472354204309,0.0,-0.00017776343287253868,1.3189254916444118,1.3806392869170832,1.3808170503499557,2.7071003913879395,True,25000.0,12420.553698979591,0.002238314680710994,True,126.0,0.1874820447054488,0.2745357393980259,False,False,False,False,False,False,0.0,0.0,29.6,30.3,True,True,False,True,0.5,6.25e-05,0.99,32.0,8000.0,250000.0,70000.0,True,260000.0,True,260000.0,True,470000.0,True,0.3500000000000014,True
dueling_dqn,Dueling DQN,3,freeway_dueling_dqn_seed3_20260520_145031,output/run_freeway_upbiased_20260520_110511/freeway/dueling_dqn/seed_3/freeway_dueling_dqn_seed3_20260520_145031,True,1000000.0,4000000.0,245001.0,489.0,14744.639479813999,67.82125811682543,16.61627605988035,28.25,29.0,1.0428326807307104,29.35,950000.0,16132750.0,16.13275,27.5,1.6155494421403511,15.0,380000.0,450000.0,True,2.0,7.099999999999998,0.3567839195979899,11.679093457970101,1.6155494421403511,0.0003380185588588463,0.0192560967894233,0.04666421647582735,0.05501835599363814,0.12760061529499636,0.0,0.0006049462727137975,1.4292326499004753,1.492236706188747,1.4916317599160331,3.0751514434814453,True,25000.0,12467.769515306123,0.001053324555628703,True,126.0,0.20601941031634785,0.29259243937644047,False,False,False,False,False,False,0.0,0.0,29.6,30.3,True,True,False,True,0.5,6.25e-05,0.99,32.0,8000.0,250000.0,50000.0,True,100000.0,True,380000.0,True,550000.0,True,1.1000000000000014,True
double_dueling_dqn,Double + Dueling DQN,0,freeway_double_dueling_dqn_seed0_20260520_185644,output/run_freeway_upbiased_20260520_110511/freeway/double_dueling_dqn/seed_0/freeway_double_dueling_dqn_seed0_20260520_185644,True,1000000.0,4000000.0,245001.0,489.0,14918.620605797998,67.03032582056268,16.422496856363676,29.1,29.0,1.445683229480096,29.1,1000000.0,16665750.0,16.66575,28.08,1.5144636014114041,15.0,10000.0,440000.0,True,38.0,21.65,1.0,11.488694214313478,1.5144636014114041,0.0003383479005661888,0.01907270029567334,0.04625497966700671,0.04456444657396701,0.11703400956665194,0.0,0.004096330428610043,0.8886248593427697,0.9514001741701242,0.9473038437415142,1.8132575750350952,True,25000.0,12572.25306122449,0.0007899934167215273,True,126.0,0.1918351756776708,0.28613566261053713,False,False,False,False,False,False,0.0,0.0,29.6,30.3,True,True,True,True,0.5,6.25e-05,0.99,32.0,8000.0,250000.0,10000.0,True,10000.0,True,10000.0,True,520000.0,True,0.0,True
double_dueling_dqn,Double + Dueling DQN,1,freeway_double_dueling_dqn_seed1_20260520_185644,output/run_freeway_upbiased_20260520_110511/freeway/double_dueling_dqn/seed_1/freeway_double_dueling_dqn_seed1_20260520_185644,True,1000000.0,4000000.0,245001.0,489.0,14700.840237620003,68.02332273776858,16.66578209407604,27.35,27.0,0.9630680142129113,28.95,840000.0,15736750.0,15.73675,28.28,1.4005713120009275,15.0,30000.0,460000.0,True,41.0,21.8,1.0,11.91967167123323,1.4005713120009275,0.00026811716673605867,0.016241653772945307,0.03945557465206603,0.03873642183638372,0.219724279564018,0.0,0.005319929366209069,0.8383913643506109,0.9017517269874106,0.8964317976212015,1.752591848373413,True,25000.0,12612.64706632653,0.0013166556945358788,True,126.0,0.16887360683369992,0.2584096696763557,False,False,False,False,False,False,0.0,0.0,29.6,30.3,True,True,True,True,0.5,6.25e-05,0.99,32.0,8000.0,250000.0,30000.0,True,30000.0,True,30000.0,True,510000.0,True,1.5999999999999979,True
double_dueling_dqn,Double + Dueling DQN,2,freeway_double_dueling_dqn_seed2_20260520_185644,output/run_freeway_upbiased_20260520_110511/freeway/double_dueling_dqn/seed_2/freeway_double_dueling_dqn_seed2_20260520_185644,True,1000000.0,4000000.0,245001.0,489.0,14831.563423245,67.4237753272008,16.518892378939523,27.6,27.5,0.8602325267042626,29.3,880000.0,13886500.0,13.8865,27.29,1.872404870747777,15.0,500000.0,500000.0,True,0.0,3.75,0.13636363636363635,11.746587791780216,1.872404870747777,0.00029556898795762,0.017550807689525643,0.04370265454814142,0.039259555360627,0.13149903491741916,0.0,0.005111613078993194,0.809818721790703,0.8733898632380427,0.8682782501590495,1.6950286626815796,True,25000.0,12420.553698979591,0.002238314680710994,True,126.0,0.17393448770693595,0.26755835628441693,False,False,False,False,False,False,0.0,0.0,29.6,30.3,True,True,True,True,0.5,6.25e-05,0.99,32.0,8000.0,250000.0,30000.0,True,190000.0,True,500000.0,True,520000.0,True,1.6999999999999993,True
double_dueling_dqn,Double + Dueling DQN,3,freeway_double_dueling_dqn_seed3_20260520_185644,output/run_freeway_upbiased_20260520_110511/freeway/double_dueling_dqn/seed_3/freeway_double_dueling_dqn_seed3_20260520_185644,True,1000000.0,4000000.0,245001.0,489.0,14882.891754970002,67.1912432384694,16.461921784668238,29.15,29.5,1.061838029079765,29.4,990000.0,15746250.0,15.74625,27.99,1.5394479530013347,15.0,40000.0,490000.0,True,35.0,17.3,1.0,11.798910373420082,1.5394479530013347,0.0002581965836651186,0.01701066776425863,0.04175259401755674,0.03901620841214526,0.10939396360937015,0.0,0.004343742983681815,0.8624777528704429,0.9282209678572051,0.9238772248735233,1.7783838510513306,True,25000.0,12467.769515306123,0.001053324555628703,True,126.0,0.16083191254787377,0.24423551248725547,False,False,False,False,False,False,0.0,0.0,29.6,30.3,True,True,True,True,0.5,6.25e-05,0.99,32.0,8000.0,250000.0,30000.0,True,30000.0,True,40000.0,True,540000.0,True,0.25,True
