batch,variant,seed,run_id,run_dir,status,env_id,total_env_steps,eval_frequency_env_steps,checkpoint_frequency_env_steps,num_eval_episodes,learning_rate,optimizer_epsilon,batch_size,gamma,replay_buffer_size,learning_starts,train_frequency_env_steps,gradient_steps_per_train,target_update_frequency_env_steps,epsilon_decay_env_steps,epsilon_final,eval_epsilon,use_replay_buffer,use_target_network,use_double_dqn,use_dueling_network,eval_points,best_eval_return,best_eval_step,final_eval_return,final_eval_step,area_under_eval_curve,normalized_auc,collapse_drop_best_to_final,largest_post_best_drop,final_zero_score_rate,final_action_up_fraction,final_action_down_fraction,final_action_noop_fraction,outcome,stable_success,ever_reached_success,collapsed_after_success,first_step_score_5_0,first_step_score_10_0,first_step_score_15_0,first_step_score_22_5,total_train_episodes,tail_train_return_mean,tail_train_zero_score_fraction,tail_train_up_fraction,tail_train_down_fraction,tail_train_noop_fraction,tail_train_epsilon_mean,total_update_logs,tail_td_loss_mean,tail_td_error_abs_mean,tail_grad_norm_before_clip,tail_grad_clip_fraction,tail_online_q_mean,tail_online_q_max_mean,tail_action_gap_mean,tail_q_overestimation_proxy,tail_replay_reward_mean,tail_replay_reward_std,tail_sample_age_mean,any_nan_detected,any_inf_detected,any_gradient_explosion,any_loss_explosion,any_q_value_explosion,checkpoint_count,best_checkpoint_step,final_checkpoint_eval
freeway_dqn_hyp_dense_updates_20260519_063709,dqn,0,freeway_dqn_seed0_20260519_063709,output/freeway_dqn_hyp_dense_updates_20260519_063709/freeway/dqn/seed_0/freeway_dqn_seed0_20260519_063709,completed,ALE/Freeway-v5,1500000.0,50000.0,50000.0,,5e-05,0.00015,32.0,0.99,25000.0,20000.0,2.0,1.0,4000.0,250000.0,0.01,0.001,True,True,False,False,30.0,1.8,400000.0,0.0,1500000.0,185000.0,0.12333333333333334,1.8,1.8,1.0,0.22797489235419793,0.48394699178415024,0.28807811586165183,never_reached_success,False,False,False,,,,,733.0,0.0,1.0,0.23176129811970966,0.4666795514431824,0.30155915043710796,0.010000000000000009,7400.0,3.9248636294882384e-07,0.0006653877218235032,0.0004593120638133228,0.0,0.011417663994723479,0.013355525210499763,0.00167532601540065,-0.00011098178833521701,0.0,0.0,12503.705743243243,False,False,False,False,False,30.0,400000.0,0.0
freeway_dqn_hyp_dense_updates_20260519_063709,dqn,1,freeway_dqn_seed1_20260519_063709,output/freeway_dqn_hyp_dense_updates_20260519_063709/freeway/dqn/seed_1/freeway_dqn_seed1_20260519_063709,completed,ALE/Freeway-v5,1500000.0,50000.0,50000.0,,5e-05,0.00015,32.0,0.99,25000.0,20000.0,2.0,1.0,4000.0,250000.0,0.01,0.001,True,True,False,False,30.0,14.4,150000.0,0.0,1500000.0,1645000.0,1.0966666666666667,14.4,14.4,1.0,0.20552052014488603,0.5223788434720047,0.2721006363831094,never_reached_success,False,False,False,150000.0,150000.0,,,733.0,0.0,1.0,0.21876576940715003,0.4621280480089496,0.31910618258390033,0.010000000000000009,7400.0,4.070276177700991e-06,0.002169789793127141,0.0028558718756382427,0.0,0.11184876780654933,0.11597742021486566,0.003836470938640068,-0.0010949969493054055,0.0,0.0,12542.53766891892,False,False,False,False,False,30.0,150000.0,0.0
freeway_dqn_hyp_dense_updates_20260519_063709,dqn,2,freeway_dqn_seed2_20260519_063709,output/freeway_dqn_hyp_dense_updates_20260519_063709/freeway/dqn/seed_2/freeway_dqn_seed2_20260519_063709,completed,ALE/Freeway-v5,1500000.0,50000.0,50000.0,,5e-05,0.00015,32.0,0.99,25000.0,20000.0,2.0,1.0,4000.0,250000.0,0.01,0.001,True,True,False,False,30.0,0.0,50000.0,0.0,1500000.0,0.0,0.0,0.0,0.0,1.0,0.08709506416202684,0.49227911946777814,0.42062581637019497,never_reached_success,False,False,False,,,,,733.0,0.0,1.0,0.08223968168758476,0.5037268328350597,0.41403348547735547,0.010000000000000009,7400.0,7.230978042692592e-07,0.000847252581985919,0.0007792798972749969,0.0,0.020241020091280745,0.02376626407777941,0.0027982901547393586,-0.0001875743823679718,0.0,0.0,12548.854856418919,False,False,False,False,False,30.0,1500000.0,0.0
freeway_dqn_hyp_dense_updates_20260519_063709,dqn,3,freeway_dqn_seed3_20260519_063709,output/freeway_dqn_hyp_dense_updates_20260519_063709/freeway/dqn/seed_3/freeway_dqn_seed3_20260519_063709,completed,ALE/Freeway-v5,1500000.0,50000.0,50000.0,,5e-05,0.00015,32.0,0.99,25000.0,20000.0,2.0,1.0,4000.0,250000.0,0.01,0.001,True,True,False,False,30.0,29.0,1450000.0,28.0,1500000.0,8560000.0,5.706666666666667,1.0,1.0,0.0,0.7766134517174921,0.08187807298058622,0.14150847530192173,stable_success,True,True,False,1150000.0,1200000.0,1250000.0,1300000.0,733.0,27.42,0.0,0.7760455957283486,0.1051762205905271,0.1187781836811242,0.010000000000000009,7400.0,0.0002972636331538229,0.018100298055120416,0.046674568150695914,0.0,0.9046330932024363,0.9552769407227233,0.06369462725580544,0.006071003868773177,0.014146959459459459,0.06953372218318887,12437.104349662162,False,False,False,False,False,30.0,1450000.0,28.0
freeway_dqn_hyp_slow_exploration_20260518_170402,dqn,0,freeway_dqn_seed0_20260518_170403,output/freeway_dqn_hyp_slow_exploration_20260518_170402/freeway/dqn/seed_0/freeway_dqn_seed0_20260518_170403,completed,ALE/Freeway-v5,1500000.0,50000.0,50000.0,,6.25e-05,0.00015,32.0,0.99,25000.0,20000.0,4.0,1.0,8000.0,750000.0,0.03,0.001,True,True,False,False,30.0,4.0,500000.0,0.0,1500000.0,480000.0,0.32,4.0,4.0,1.0,0.11127570596019883,0.4396185760447807,0.4491057179950205,never_reached_success,False,False,False,,,,,733.0,0.0,1.0,0.11465946959281652,0.5294424445437014,0.35589808586348204,0.030000000000000037,3700.0,1.8157297089343244e-06,0.0012871201691293233,0.001163998688335178,0.0,0.09744296575317511,0.10085320966066541,0.0034146983969352536,-0.0008822270543188662,0.0,0.0,12536.77668918919,False,False,False,False,False,30.0,500000.0,0.0
freeway_dqn_hyp_slow_exploration_20260518_170402,dqn,1,freeway_dqn_seed1_20260518_170403,output/freeway_dqn_hyp_slow_exploration_20260518_170402/freeway/dqn/seed_1/freeway_dqn_seed1_20260518_170403,completed,ALE/Freeway-v5,1500000.0,50000.0,50000.0,,6.25e-05,0.00015,32.0,0.99,25000.0,20000.0,4.0,1.0,8000.0,750000.0,0.03,0.001,True,True,False,False,30.0,5.0,600000.0,0.0,1500000.0,425000.0,0.2833333333333333,5.0,5.0,1.0,0.11980928743635222,0.3987628251754773,0.4814278873881704,never_reached_success,False,False,False,600000.0,,,,733.0,0.1,0.9,0.2332871498256321,0.3662114729101016,0.40050137726426627,0.030000000000000037,3700.0,5.7687639113086135e-05,0.005435344826027348,0.013284903635094698,0.0,0.554956960919741,0.5602051167874723,0.004709801464844999,-0.004742500910887847,8.445945945945946e-05,0.00047025036167454076,12534.209712837837,False,False,False,False,False,30.0,600000.0,0.0
freeway_dqn_hyp_slow_exploration_20260518_170402,dqn,2,freeway_dqn_seed2_20260518_170403,output/freeway_dqn_hyp_slow_exploration_20260518_170402/freeway/dqn/seed_2/freeway_dqn_seed2_20260518_170403,completed,ALE/Freeway-v5,1500000.0,50000.0,50000.0,,6.25e-05,0.00015,32.0,0.99,25000.0,20000.0,4.0,1.0,8000.0,750000.0,0.03,0.001,True,True,False,False,30.0,1.0,750000.0,0.0,1500000.0,55000.0,0.03666666666666667,1.0,1.0,1.0,0.11282908351594112,0.5004629173030063,0.3867079991810526,never_reached_success,False,False,False,,,,,733.0,0.0,1.0,0.09259616122623768,0.43209168840277457,0.47531215037098773,0.030000000000000037,3700.0,2.1230270206344997e-06,0.0013589698355644941,0.0013199004529490816,0.0,0.09174928532258884,0.09501706017432986,0.002689651836250984,-0.000798903506349873,0.0,0.0,12431.318412162162,False,False,False,False,False,30.0,750000.0,0.0
freeway_dqn_hyp_slow_exploration_20260518_170402,dqn,3,freeway_dqn_seed3_20260518_170403,output/freeway_dqn_hyp_slow_exploration_20260518_170402/freeway/dqn/seed_3/freeway_dqn_seed3_20260518_170403,completed,ALE/Freeway-v5,1500000.0,50000.0,50000.0,,6.25e-05,0.00015,32.0,0.99,25000.0,20000.0,4.0,1.0,8000.0,750000.0,0.03,0.001,True,True,False,False,30.0,10.0,350000.0,0.1,1500000.0,1197500.0,0.7983333333333333,9.9,10.0,0.9,0.18459038262505847,0.39177952636975816,0.4236300910051834,never_reached_success,False,False,False,350000.0,350000.0,,,733.0,0.03,0.97,0.22984261091253697,0.3221133670372554,0.4480440220502075,0.030000000000000037,3700.0,1.4487522559180875e-05,0.0036806933613292674,0.006476864729680725,0.0,0.364437800323641,0.3689397998758264,0.004194481047877186,-0.0031657442853257464,0.0,0.0,12587.060641891892,False,False,False,False,False,30.0,350000.0,0.1
freeway_tuned_20260517_151616,double_dqn,0,freeway_double_dqn_seed0_20260517_175951,output/freeway_tuned_20260517_151616/freeway/double_dqn/seed_0/freeway_double_dqn_seed0_20260517_175951,completed,ALE/Freeway-v5,1000000.0,50000.0,250000.0,,0.0001,0.00015,32.0,0.99,100000.0,100000.0,4.0,1.0,10000.0,1000000.0,0.1,0.001,True,True,True,False,20.0,21.0,100000.0,0.8,1000000.0,3260000.0,3.26,20.2,21.0,0.4,0.206815633817293,0.38219820401615323,0.4109861621665537,collapsed_after_success,False,True,True,100000.0,100000.0,100000.0,,489.0,1.55,0.35,0.305377391261948,0.34498002305887004,0.3496425856791819,0.191379736,2250.0,0.00015541254701626408,0.005864216344844964,0.014586653789091441,0.0,0.13036541074514388,0.13428422444396548,0.004174340390082863,0.0012159326010280185,0.0008333333333333334,0.004639803568522135,50068.18305555556,False,False,False,False,False,4.0,250000.0,0.8
freeway_tuned_20260517_151616,double_dqn,1,freeway_double_dqn_seed1_20260517_175951,output/freeway_tuned_20260517_151616/freeway/double_dqn/seed_1/freeway_double_dqn_seed1_20260517_175951,completed,ALE/Freeway-v5,1000000.0,50000.0,250000.0,,0.0001,0.00015,32.0,0.99,100000.0,100000.0,4.0,1.0,10000.0,1000000.0,0.1,0.001,True,True,True,False,20.0,10.6,350000.0,1.4,1000000.0,1265000.0,1.265,9.2,10.6,0.4,0.33481460939781577,0.20646070292747268,0.45872468767471153,never_reached_success,False,False,False,300000.0,350000.0,,,489.0,0.64,0.55,0.31118659606177745,0.3446795350937277,0.3441338688444948,0.191333971,2250.0,0.00018111261635365533,0.010129289053794411,0.024251018301066424,0.0,0.6555418086051941,0.6598572360144721,0.004447730222923888,-0.003493095239003499,0.0004166666666666667,0.0023199017842610676,50156.72430555556,False,False,False,False,False,4.0,500000.0,1.4
freeway_tuned_20260517_151616,double_dqn,2,freeway_double_dqn_seed2_20260517_175951,output/freeway_tuned_20260517_151616/freeway/double_dqn/seed_2/freeway_double_dqn_seed2_20260517_175951,completed,ALE/Freeway-v5,1000000.0,50000.0,250000.0,,0.0001,0.00015,32.0,0.99,100000.0,100000.0,4.0,1.0,10000.0,1000000.0,0.1,0.001,True,True,True,False,20.0,0.0,50000.0,0.0,1000000.0,0.0,0.0,0.0,0.0,1.0,0.09823838427307391,0.5783568258066546,0.32340478992027155,never_reached_success,False,False,False,,,,,489.0,0.0,1.0,0.3063836053129522,0.3443744604330451,0.34924193425400285,0.19130115699999994,2250.0,3.2437233259467272e-06,0.0017205047069324387,0.0013519733713474125,0.0,0.15673306941986084,0.15788393835226694,0.001127335978154507,-0.0012276574638154772,0.0,0.0,50492.18472222222,False,False,False,False,False,4.0,1000000.0,0.0
freeway_tuned_20260517_151616,double_dqn,3,freeway_double_dqn_seed3_20260517_175951,output/freeway_tuned_20260517_151616/freeway/double_dqn/seed_3/freeway_double_dqn_seed3_20260517_175951,completed,ALE/Freeway-v5,1000000.0,50000.0,250000.0,,0.0001,0.00015,32.0,0.99,100000.0,100000.0,4.0,1.0,10000.0,1000000.0,0.1,0.001,True,True,True,False,20.0,22.0,50000.0,7.8,1000000.0,5265000.0,5.265,14.2,22.0,0.0,0.5138021354509453,0.0777412086832086,0.40845665586584606,partial_after_success,False,True,False,50000.0,50000.0,50000.0,,489.0,0.65,0.6,0.3191142081211142,0.34498678708324276,0.33589900479564305,0.19136754999999997,2250.0,0.00015376384813862388,0.010178098140491379,0.023103279643174674,0.0,0.5992226717207166,0.6042125074068705,0.005007071780661742,-0.001996273464626736,0.0004166666666666667,0.0023199017842610676,49396.09527777778,False,False,False,False,False,4.0,1000000.0,7.8
freeway_tuned_20260517_151616,double_dqn,4,freeway_double_dqn_seed4_20260517_175951,output/freeway_tuned_20260517_151616/freeway/double_dqn/seed_4/freeway_double_dqn_seed4_20260517_175951,completed,ALE/Freeway-v5,1000000.0,50000.0,250000.0,,0.0001,0.00015,32.0,0.99,100000.0,100000.0,4.0,1.0,10000.0,1000000.0,0.1,0.001,True,True,True,False,20.0,21.2,100000.0,0.0,1000000.0,4180000.0,4.18,21.2,21.2,1.0,0.03387887708679481,0.2080637722521932,0.758057350661012,collapsed_after_success,False,True,True,100000.0,100000.0,100000.0,,489.0,1.58,0.34,0.3128446338733748,0.27078245377801297,0.4163729123486123,0.191313163,2250.0,0.00019142935106679538,0.009400375083916716,0.017915561164004935,0.0,-0.16049653900994196,-0.1544063676893711,0.006663841695214312,0.004613547341691123,0.0002777777777777778,0.0015466011895073784,49420.55875,False,False,False,False,False,4.0,500000.0,0.0
freeway_tuned_20260517_151616,dqn,0,freeway_dqn_seed0_20260517_151617,output/freeway_tuned_20260517_151616/freeway/dqn/seed_0/freeway_dqn_seed0_20260517_151617,completed,ALE/Freeway-v5,1000000.0,50000.0,250000.0,,0.0001,0.00015,32.0,0.99,100000.0,100000.0,4.0,1.0,10000.0,1000000.0,0.1,0.001,True,True,False,False,20.0,21.0,100000.0,0.0,1000000.0,2810000.0,2.81,21.0,21.0,1.0,0.26055127951835394,0.6602641741734299,0.07918454630821627,collapsed_after_success,False,True,True,100000.0,100000.0,100000.0,,489.0,0.0,1.0,0.2928287873762475,0.3097649626563157,0.3974062499674368,0.191379736,2250.0,1.068435898256818e-05,0.003370417814908756,0.004107189712425073,0.0,0.22343376543786791,0.22561072283320957,0.0019604702909580534,-0.0013033946355183919,0.0,0.0,50068.18305555556,False,False,False,False,False,4.0,250000.0,0.0
freeway_tuned_20260517_151616,dqn,1,freeway_dqn_seed1_20260517_151617,output/freeway_tuned_20260517_151616/freeway/dqn/seed_1/freeway_dqn_seed1_20260517_151617,completed,ALE/Freeway-v5,1000000.0,50000.0,250000.0,,0.0001,0.00015,32.0,0.99,100000.0,100000.0,4.0,1.0,10000.0,1000000.0,0.1,0.001,True,True,False,False,20.0,16.4,750000.0,0.4,1000000.0,1780000.0,1.78,15.999999999999998,16.4,0.6,0.32560131726559416,0.14262911247900634,0.5317695702553994,collapsed_after_success,False,True,True,750000.0,750000.0,750000.0,,489.0,0.17,0.87,0.32903993474553306,0.3276321263307005,0.34332793892376645,0.191333971,2250.0,5.379711240998909e-05,0.006975846371303002,0.021193620788140428,0.0,1.1724906481636894,1.175654583507114,0.0030986003324182496,-0.009652235243055555,0.0,0.0,50156.72430555556,False,False,False,False,False,4.0,750000.0,0.4
freeway_tuned_20260517_151616,dqn,2,freeway_dqn_seed2_20260517_151617,output/freeway_tuned_20260517_151616/freeway/dqn/seed_2/freeway_dqn_seed2_20260517_151617,completed,ALE/Freeway-v5,1000000.0,50000.0,250000.0,,0.0001,0.00015,32.0,0.99,100000.0,100000.0,4.0,1.0,10000.0,1000000.0,0.1,0.001,True,True,False,False,20.0,1.8,450000.0,1.2,1000000.0,320000.0,0.32,0.6000000000000001,1.8,0.2,0.23427742910849694,0.03281164686989871,0.7329109240216043,never_reached_success,False,False,False,,,,,489.0,0.55,0.59,0.3510190845668369,0.30623662614500474,0.34274428928815837,0.19130115699999994,2250.0,0.00021322552524199838,0.006971753989863727,0.011954497737913496,0.0,0.22125551164150237,0.22641928487353855,0.005102297614018122,0.0017590871784422134,0.0004166666666666667,0.0023199017842610676,50492.18472222222,False,False,False,False,False,4.0,250000.0,1.2
freeway_tuned_20260517_151616,dqn,3,freeway_dqn_seed3_20260517_151617,output/freeway_tuned_20260517_151616/freeway/dqn/seed_3/freeway_dqn_seed3_20260517_151617,completed,ALE/Freeway-v5,1000000.0,50000.0,250000.0,,0.0001,0.00015,32.0,0.99,100000.0,100000.0,4.0,1.0,10000.0,1000000.0,0.1,0.001,True,True,False,False,20.0,22.6,200000.0,0.0,1000000.0,3220000.0,3.22,22.6,22.6,1.0,0.0959539520598491,0.31161976994939977,0.5924262779907512,collapsed_after_success,False,True,True,50000.0,50000.0,50000.0,200000.0,489.0,0.11,0.9,0.2906269464270405,0.3314883732021675,0.37788468037079204,0.19136754999999997,2250.0,5.0195748929885064e-05,0.0070014210024641615,0.014654329409822822,0.0,0.8038674510849847,0.8070989484257168,0.0030492266112317644,-0.006167140007019043,0.0,0.0,49396.09527777778,False,False,False,False,False,4.0,500000.0,0.0
freeway_tuned_20260517_151616,dqn,4,freeway_dqn_seed4_20260517_151617,output/freeway_tuned_20260517_151616/freeway/dqn/seed_4/freeway_dqn_seed4_20260517_151617,completed,ALE/Freeway-v5,1000000.0,50000.0,250000.0,,0.0001,0.00015,32.0,0.99,100000.0,100000.0,4.0,1.0,10000.0,1000000.0,0.1,0.001,True,True,False,False,20.0,21.2,100000.0,0.0,1000000.0,2820000.0,2.82,21.2,21.2,1.0,0.15450314387391326,0.5377485195540092,0.30774833657207756,collapsed_after_success,False,True,True,100000.0,100000.0,100000.0,,489.0,0.02,0.98,0.3200093366479483,0.3577030346738905,0.32228762867816124,0.191313163,2250.0,2.6333736408964292e-05,0.004812824191111657,0.011892436599979798,0.0,0.8912111133999294,0.8935945969157749,0.002358128463125063,-0.0075496276219685875,0.0,0.0,49420.55875,False,False,False,False,False,4.0,500000.0,0.0
freeway_tuned_20260517_151616,dueling_dqn,0,freeway_dueling_dqn_seed0_20260517_204657,output/freeway_tuned_20260517_151616/freeway/dueling_dqn/seed_0/freeway_dueling_dqn_seed0_20260517_204657,completed,ALE/Freeway-v5,1000000.0,50000.0,250000.0,,0.0001,0.00015,32.0,0.99,100000.0,100000.0,4.0,1.0,10000.0,1000000.0,0.1,0.001,True,True,False,True,20.0,22.0,50000.0,0.0,1000000.0,2870000.0,2.87,22.0,22.0,1.0,0.3058533881968625,0.46707556571598274,0.2270710460871547,collapsed_after_success,False,True,True,50000.0,50000.0,50000.0,,489.0,0.29,0.78,0.30507775632366896,0.3117360530056721,0.3831861906706591,0.191379736,2250.0,0.00010719384979084781,0.00848196499256624,0.020128411766555575,0.0,0.7598076340887282,0.7639404161771138,0.003946973740433653,-0.005421707365247938,0.0001388888888888889,0.0007733005947536892,50068.18305555556,False,False,False,False,False,4.0,250000.0,0.0
freeway_tuned_20260517_151616,dueling_dqn,1,freeway_dueling_dqn_seed1_20260517_204657,output/freeway_tuned_20260517_151616/freeway/dueling_dqn/seed_1/freeway_dueling_dqn_seed1_20260517_204657,completed,ALE/Freeway-v5,1000000.0,50000.0,250000.0,,0.0001,0.00015,32.0,0.99,100000.0,100000.0,4.0,1.0,10000.0,1000000.0,0.1,0.001,True,True,False,True,20.0,6.4,600000.0,0.0,1000000.0,810000.0,0.81,6.4,6.4,1.0,0.10837178906866958,0.7069030482743385,0.18472516265699185,never_reached_success,False,False,False,400000.0,,,,489.0,0.57,0.58,0.3521387030340549,0.3364448302933919,0.3114164666725532,0.191333971,2250.0,0.00020998460061188477,0.010365819248060385,0.028324730151022475,0.0,0.8290471423996819,0.8334898278448317,0.004533112737246685,-0.004323665565914578,0.0006944444444444445,0.003866502973768446,50156.72430555556,False,False,False,False,False,4.0,250000.0,0.0
freeway_tuned_20260517_151616,dueling_dqn,2,freeway_dueling_dqn_seed2_20260517_204657,output/freeway_tuned_20260517_151616/freeway/dueling_dqn/seed_2/freeway_dueling_dqn_seed2_20260517_204657,completed,ALE/Freeway-v5,1000000.0,50000.0,250000.0,,0.0001,0.00015,32.0,0.99,100000.0,100000.0,4.0,1.0,10000.0,1000000.0,0.1,0.001,True,True,False,True,20.0,13.6,600000.0,3.8,1000000.0,1145000.0,1.145,9.8,13.6,0.0,0.6752214606602795,0.28109601098031245,0.04368252835940802,never_reached_success,False,False,False,600000.0,600000.0,,,489.0,0.32,0.76,0.3091052382220819,0.3210376639690022,0.369857097808916,0.19130115699999994,2250.0,9.186106796227655e-05,0.008431928315096432,0.0213030226694213,0.0,0.8929811218049791,0.896197309229109,0.0031303016065309447,-0.006879945860968696,0.0,0.0,50492.18472222222,False,False,False,False,False,4.0,250000.0,3.8
freeway_tuned_20260517_151616,dueling_dqn,3,freeway_dueling_dqn_seed3_20260517_204657,output/freeway_tuned_20260517_151616/freeway/dueling_dqn/seed_3/freeway_dueling_dqn_seed3_20260517_204657,completed,ALE/Freeway-v5,1000000.0,50000.0,250000.0,,0.0001,0.00015,32.0,0.99,100000.0,100000.0,4.0,1.0,10000.0,1000000.0,0.1,0.001,True,True,False,True,20.0,21.8,750000.0,1.4,1000000.0,3805000.0,3.805,20.400000000000002,21.8,0.2,0.489923523526798,0.1588056302837772,0.3512708461894249,collapsed_after_success,False,True,True,200000.0,200000.0,200000.0,,489.0,0.43,0.68,0.30688846551747984,0.3287321525346033,0.36437938194791686,0.19136754999999997,2250.0,0.0001189786991340548,0.00974141938611865,0.02873959966831737,0.0,1.12907836066352,1.1331695596377054,0.004095113683078024,-0.008701142205132378,0.0001388888888888889,0.0007733005947536892,49396.09527777778,False,False,False,False,False,4.0,750000.0,1.4
freeway_tuned_20260517_151616,dueling_dqn,4,freeway_dueling_dqn_seed4_20260517_204657,output/freeway_tuned_20260517_151616/freeway/dueling_dqn/seed_4/freeway_dueling_dqn_seed4_20260517_204657,completed,ALE/Freeway-v5,1000000.0,50000.0,250000.0,,0.0001,0.00015,32.0,0.99,100000.0,100000.0,4.0,1.0,10000.0,1000000.0,0.1,0.001,True,True,False,True,20.0,21.2,50000.0,0.0,1000000.0,2090000.0,2.09,21.2,21.2,1.0,0.2751461633618797,0.2647594963086145,0.46009434032950586,collapsed_after_success,False,True,True,50000.0,50000.0,50000.0,,489.0,0.52,0.58,0.33123766003328364,0.3047990961639034,0.36396324380281286,0.191313163,2250.0,0.0002059325896536595,0.011115148866342173,0.03169129466224048,0.0,0.982318434715271,0.9876613031493293,0.005311045199632645,-0.006109902593824598,0.0001388888888888889,0.0007733005947536892,49420.55875,False,False,False,False,False,4.0,250000.0,0.0
freeway_tuned_20260518_120047,dqn,0,freeway_dqn_seed0_20260518_120048,output/freeway_tuned_20260518_120047/freeway/dqn/seed_0/freeway_dqn_seed0_20260518_120048,running,ALE/Freeway-v5,3000000.0,100000.0,250000.0,,0.0001,0.00015,32.0,0.99,100000.0,100000.0,4.0,1.0,10000.0,1000000.0,0.1,0.001,True,True,False,False,5.0,22.0,100000.0,0.0,500000.0,2466666.6666666665,0.8222222222222222,22.0,22.0,1.0,0.15330765023834764,0.7307739495740518,0.11591840018760048,collapsed_after_success,False,True,True,100000.0,100000.0,100000.0,,267.0,0.13,0.89,0.34640537041300407,0.32045411343344177,0.3331405161535542,0.5998496950000001,1115.0,1.9155517151916314e-05,0.0036486097787683074,0.0038299214227024364,0.0,0.279525854029097,0.28152337885117745,0.0019199542348852028,-0.0010082818366385796,0.0,0.0,49861.70917792793,False,False,False,False,False,2.0,250000.0,0.0
freeway_tuned_20260518_120047,dqn,1,freeway_dqn_seed1_20260518_120048,output/freeway_tuned_20260518_120047/freeway/dqn/seed_1/freeway_dqn_seed1_20260518_120048,running,ALE/Freeway-v5,3000000.0,100000.0,250000.0,,0.0001,0.00015,32.0,0.99,100000.0,100000.0,4.0,1.0,10000.0,1000000.0,0.1,0.001,True,True,False,False,5.0,14.0,300000.0,0.0,500000.0,1400000.0,0.4666666666666667,14.0,14.0,1.0,0.3594997549822929,0.2532593424580867,0.38724090255962046,never_reached_success,False,False,False,300000.0,300000.0,,,267.0,0.01,0.99,0.33500890146722484,0.3360181804863665,0.32897291804640866,0.599820823,1116.0,9.94176843632558e-05,0.009217499331613112,0.043045287305774456,0.0,1.681401252746582,1.6858838066324457,0.004483533633017057,-0.013217226879016773,0.0,0.0,49690.16525900901,False,False,False,False,False,2.0,250000.0,0.0
freeway_tuned_20260518_133656,dqn,0,freeway_dqn_seed0_20260518_133657,output/freeway_tuned_20260518_133656/freeway/dqn/seed_0/freeway_dqn_seed0_20260518_133657,completed,ALE/Freeway-v5,1000000.0,50000.0,50000.0,,6.25e-05,0.00015,32.0,0.99,25000.0,20000.0,4.0,1.0,8000.0,250000.0,0.01,0.001,True,True,False,False,20.0,0.5,150000.0,0.0,1000000.0,40000.0,0.04,0.5,0.5,1.0,0.07917243811325066,0.5718417017777201,0.34898586010902927,never_reached_success,False,False,False,,,,,489.0,0.0,1.0,0.08654714686602333,0.5183037762490034,0.39514907688497336,0.010000000000000009,2450.0,3.0912968014137956e-06,0.0015953677492596362,0.0014462405858485371,0.0,0.10718407773849915,0.11269347293644535,0.004832277446034916,-0.0010342627763748169,0.0,0.0,12464.388520408163,False,False,False,False,False,20.0,150000.0,0.0
freeway_tuned_20260518_133656,dqn,1,freeway_dqn_seed1_20260518_133657,output/freeway_tuned_20260518_133656/freeway/dqn/seed_1/freeway_dqn_seed1_20260518_133657,completed,ALE/Freeway-v5,1000000.0,50000.0,50000.0,,6.25e-05,0.00015,32.0,0.99,25000.0,20000.0,4.0,1.0,8000.0,250000.0,0.01,0.001,True,True,False,False,20.0,10.3,1000000.0,10.3,1000000.0,1422500.0,1.4225,0.0,0.0,0.0,0.5164748870466622,0.13606315186608794,0.34746196108724986,never_reached_success,False,False,False,150000.0,950000.0,,,489.0,1.41,0.46,0.2502594277370169,0.4021881615431146,0.34755241071986864,0.010000000000000009,2450.0,0.00022458648899355095,0.01317127868913266,0.044285386165946114,0.0,0.9366612969612589,0.9619665605681283,0.026260961922911965,-0.004182748162016576,0.0012755102040816326,0.0066693981083071965,12502.836479591837,False,False,False,False,False,20.0,1000000.0,10.3
full_freeway_1m_5seeds_20260516_154706,double_dqn,0,freeway_double_dqn_seed0_20260517_114227,output/full_freeway_1m_5seeds_20260516_154706/freeway/double_dqn/seed_0/freeway_double_dqn_seed0_20260517_114227,completed,ALE/Freeway-v5,1000000.0,10000.0,50000.0,,6.25e-05,0.00015,32.0,0.99,25000.0,20000.0,4.0,1.0,8000.0,250000.0,0.01,0.001,True,True,True,False,100.0,1.1,270000.0,0.0,1000000.0,28500.0,0.0285,1.1,1.1,1.0,0.4032062465465295,0.3932625227260643,0.20353123072740625,never_reached_success,False,False,False,,,,,489.0,0.0,1.0,0.40792865434291126,0.37165063833561063,0.22042070732147823,0.010000000000000009,2450.0,5.164985843029338e-07,0.0007139213459224117,0.0003008701073241002,0.0,0.028275094637457206,0.029364127650552865,0.0010455664211637056,-0.0003029908148609862,0.0,0.0,12464.388520408163,False,False,False,False,False,20.0,350000.0,0.0
full_freeway_1m_5seeds_20260516_154706,double_dqn,1,freeway_double_dqn_seed1_20260517_114227,output/full_freeway_1m_5seeds_20260516_154706/freeway/double_dqn/seed_1/freeway_double_dqn_seed1_20260517_114227,completed,ALE/Freeway-v5,1000000.0,10000.0,50000.0,,6.25e-05,0.00015,32.0,0.99,25000.0,20000.0,4.0,1.0,8000.0,250000.0,0.01,0.001,True,True,True,False,100.0,9.9,170000.0,0.0,1000000.0,220500.0,0.2205,9.9,9.9,1.0,0.15463808707454302,0.45574012668659913,0.38962178623885796,never_reached_success,False,False,False,110000.0,,,,489.0,0.0,1.0,0.14450961295000372,0.46131951002840066,0.39417087702159564,0.010000000000000009,2450.0,2.3362073627177613e-06,0.001410105191551301,0.0009635040095807718,0.0,0.09923916206676132,0.104018127553317,0.003678980635060948,-0.0009916001740767032,0.0,0.0,12502.836479591837,False,False,False,False,False,20.0,200000.0,0.0
full_freeway_1m_5seeds_20260516_154706,double_dqn,2,freeway_double_dqn_seed2_20260517_114227,output/full_freeway_1m_5seeds_20260516_154706/freeway/double_dqn/seed_2/freeway_double_dqn_seed2_20260517_114227,completed,ALE/Freeway-v5,1000000.0,10000.0,50000.0,,6.25e-05,0.00015,32.0,0.99,25000.0,20000.0,4.0,1.0,8000.0,250000.0,0.01,0.001,True,True,True,False,100.0,16.9,320000.0,0.0,1000000.0,227500.0,0.2275,16.9,16.9,1.0,0.03384596404821129,0.1360155875143455,0.8301384484374431,collapsed_after_success,False,True,True,320000.0,320000.0,320000.0,,489.0,0.0,1.0,0.04238459900122822,0.17863460357162886,0.7789807974271429,0.010000000000000009,2450.0,3.7858494203695565e-07,0.0004910869557144386,0.0002825239772150502,0.0,-0.009135448951654287,-0.005979380608365244,0.0013952075779361992,9.76361942534544e-05,0.0,0.0,12564.917219387755,False,False,False,False,False,20.0,50000.0,0.0
full_freeway_1m_5seeds_20260516_154706,double_dqn,3,freeway_double_dqn_seed3_20260517_114227,output/full_freeway_1m_5seeds_20260516_154706/freeway/double_dqn/seed_3/freeway_double_dqn_seed3_20260517_114227,completed,ALE/Freeway-v5,1000000.0,10000.0,50000.0,,6.25e-05,0.00015,32.0,0.99,25000.0,20000.0,4.0,1.0,8000.0,250000.0,0.01,0.001,True,True,True,False,100.0,21.6,20000.0,0.0,1000000.0,325250.0,0.32525,21.6,21.6,1.0,0.2880862800014211,0.416655686744836,0.2952580332537428,collapsed_after_success,False,True,True,10000.0,10000.0,10000.0,,489.0,0.0,1.0,0.2937160886309161,0.4279909068079689,0.2782930045611149,0.010000000000000009,2450.0,3.7621793043798583e-07,0.0005954479161954047,0.00023111181313763564,0.0,0.021624836743790277,0.022556301761342556,0.0009024146326570486,-0.0002297957712898449,0.0,0.0,12546.84081632653,False,False,False,False,False,20.0,50000.0,0.0
full_freeway_1m_5seeds_20260516_154706,double_dqn,4,freeway_double_dqn_seed4_20260517_114227,output/full_freeway_1m_5seeds_20260516_154706/freeway/double_dqn/seed_4/freeway_double_dqn_seed4_20260517_114227,completed,ALE/Freeway-v5,1000000.0,10000.0,50000.0,,6.25e-05,0.00015,32.0,0.99,25000.0,20000.0,4.0,1.0,8000.0,250000.0,0.01,0.001,True,True,True,False,100.0,19.55,180000.0,0.0,1000000.0,688500.0,0.6885,19.55,19.55,1.0,0.08762894129483191,0.09547784755329879,0.8168932111518693,collapsed_after_success,False,True,True,20000.0,20000.0,180000.0,,489.0,0.0,1.0,0.06084980475822596,0.12402578268942349,0.8151244125523504,0.010000000000000009,2450.0,7.185240912586054e-07,0.0008066041270337466,0.0004937815798294483,0.0,0.007302461636765879,0.010866788930582757,0.002934252602827488,-3.939061900790857e-05,0.0,0.0,12355.002168367348,False,False,False,False,False,20.0,200000.0,0.0
full_freeway_1m_5seeds_20260516_154706,dqn,0,freeway_dqn_seed0_20260516_154707,output/full_freeway_1m_5seeds_20260516_154706/freeway/dqn/seed_0/freeway_dqn_seed0_20260516_154707,completed,ALE/Freeway-v5,1000000.0,10000.0,50000.0,,6.25e-05,0.00015,32.0,0.99,25000.0,20000.0,4.0,1.0,8000.0,250000.0,0.01,0.001,True,True,False,False,100.0,8.15,290000.0,0.0,1000000.0,387000.0,0.387,8.15,8.15,1.0,0.10816630343065795,0.4552012273830394,0.4366324691863025,never_reached_success,False,False,False,30000.0,,,,489.0,0.0,1.0,0.0842921256583717,0.4414271228617659,0.47428075147986254,0.010000000000000009,2450.0,2.476063027457638e-06,0.0014811618809531233,0.0012723028584982136,0.0,0.09218595693914258,0.09709581313084582,0.003743289303680768,-0.0008793385661378199,0.0,0.0,12464.388520408163,False,False,False,False,False,20.0,150000.0,0.0
full_freeway_1m_5seeds_20260516_154706,dqn,1,freeway_dqn_seed1_20260516_154707,output/full_freeway_1m_5seeds_20260516_154706/freeway/dqn/seed_1/freeway_dqn_seed1_20260516_154707,completed,ALE/Freeway-v5,1000000.0,10000.0,50000.0,,6.25e-05,0.00015,32.0,0.99,25000.0,20000.0,4.0,1.0,8000.0,250000.0,0.01,0.001,True,True,False,False,100.0,25.75,990000.0,24.05,1000000.0,6938250.0,6.93825,1.6999999999999993,1.6999999999999993,0.0,0.8408790793149791,0.0652415121284489,0.09387940855657179,stable_success,True,True,False,60000.0,60000.0,60000.0,890000.0,489.0,20.84,0.0,0.7512743154238192,0.09418138589735317,0.15454429867882782,0.010000000000000009,2450.0,0.0005915203595020789,0.025021306527968572,0.0828971763426552,0.0,1.381345038511315,1.4384624719619752,0.07153615052906834,-0.0007733559121890944,0.011607142857142858,0.058853146373009195,12502.836479591837,False,False,False,False,False,20.0,900000.0,24.05
full_freeway_1m_5seeds_20260516_154706,dqn,2,freeway_dqn_seed2_20260516_154707,output/full_freeway_1m_5seeds_20260516_154706/freeway/dqn/seed_2/freeway_dqn_seed2_20260516_154707,completed,ALE/Freeway-v5,1000000.0,10000.0,50000.0,,6.25e-05,0.00015,32.0,0.99,25000.0,20000.0,4.0,1.0,8000.0,250000.0,0.01,0.001,True,True,False,False,100.0,18.35,340000.0,0.0,1000000.0,469500.0,0.4695,18.35,18.35,1.0,0.11261311814322676,0.2532931439376394,0.6340937379191338,collapsed_after_success,False,True,True,340000.0,340000.0,340000.0,,489.0,0.0,1.0,0.1594012853340725,0.2455612492378555,0.5950374654280721,0.010000000000000009,2450.0,3.078803522338585e-06,0.001746823105067775,0.001709495089967184,0.0,0.1126072420757644,0.11870679447845536,0.005063650141261062,-0.0010309950429566053,0.0,0.0,12564.917219387755,False,False,False,False,False,20.0,350000.0,0.0
full_freeway_1m_5seeds_20260516_154706,dqn,3,freeway_dqn_seed3_20260516_154707,output/full_freeway_1m_5seeds_20260516_154706/freeway/dqn/seed_3/freeway_dqn_seed3_20260516_154707,completed,ALE/Freeway-v5,1000000.0,10000.0,50000.0,,6.25e-05,0.00015,32.0,0.99,25000.0,20000.0,4.0,1.0,8000.0,250000.0,0.01,0.001,True,True,False,False,100.0,25.5,980000.0,24.6,1000000.0,6718750.0,6.71875,0.8999999999999986,0.8999999999999986,0.0,0.807858436880341,0.13931473658001015,0.052826826539648805,stable_success,True,True,False,10000.0,10000.0,10000.0,890000.0,489.0,21.35,0.0,0.7484098702815579,0.12250645917805249,0.1290836705403896,0.010000000000000009,2450.0,0.0005476098645440474,0.024732569612714708,0.07338420173951558,0.0,1.1225814361961521,1.1814335954432584,0.07636609395243683,-0.0012029754872224768,0.009693877551020408,0.04863287818675138,12546.84081632653,False,False,False,False,False,20.0,950000.0,24.6
full_freeway_1m_5seeds_20260516_154706,dqn,4,freeway_dqn_seed4_20260516_154707,output/full_freeway_1m_5seeds_20260516_154706/freeway/dqn/seed_4/freeway_dqn_seed4_20260516_154707,completed,ALE/Freeway-v5,1000000.0,10000.0,50000.0,,6.25e-05,0.00015,32.0,0.99,25000.0,20000.0,4.0,1.0,8000.0,250000.0,0.01,0.001,True,True,False,False,100.0,18.9,270000.0,0.0,1000000.0,452500.0,0.4525,18.9,18.9,1.0,0.16611354319490623,0.2609541493266322,0.5729323074784616,collapsed_after_success,False,True,True,20000.0,20000.0,270000.0,,489.0,0.0,1.0,0.17842957672504395,0.35213721716802515,0.46943320610693084,0.010000000000000009,2450.0,1.982716816832069e-05,0.004425983731539882,0.009035219851767227,0.0,0.49039722474253905,0.501324936808372,0.01168597601544188,-0.0046925477835596825,0.0,0.0,12355.002168367348,False,False,False,False,False,20.0,50000.0,0.0
full_freeway_1m_5seeds_20260516_154706,dqn_no_replay,0,freeway_dqn_no_replay_seed0_20260517_023234,output/full_freeway_1m_5seeds_20260516_154706/freeway/dqn_no_replay/seed_0/freeway_dqn_no_replay_seed0_20260517_023234,completed,ALE/Freeway-v5,1000000.0,10000.0,50000.0,,6.25e-05,0.00015,1.0,0.99,0.0,0.0,1.0,1.0,8000.0,250000.0,0.01,0.001,False,True,False,False,100.0,22.5,230000.0,21.5,1000000.0,18082500.0,18.0825,1.0,22.5,0.0,0.9992906538805713,0.0002934944963526632,0.00041585162307610933,stable_success,True,True,False,20000.0,20000.0,40000.0,230000.0,489.0,21.69,0.01,0.9787170925802421,0.013413737163878782,0.007869170255879162,0.010000000000000009,10000.0,0.005196925783940137,0.02100436180830002,0.03195884156943066,0.0,0.6674596709609032,0.6746448051929473,0.010384444236755372,0.0038197195529937745,0.01,0.0,0.0,False,False,False,False,False,20.0,200000.0,21.5
full_freeway_1m_5seeds_20260516_154706,dqn_no_replay,1,freeway_dqn_no_replay_seed1_20260517_023234,output/full_freeway_1m_5seeds_20260516_154706/freeway/dqn_no_replay/seed_1/freeway_dqn_no_replay_seed1_20260517_023234,completed,ALE/Freeway-v5,1000000.0,10000.0,50000.0,,6.25e-05,0.00015,1.0,0.99,0.0,0.0,1.0,1.0,8000.0,250000.0,0.01,0.001,False,True,False,False,100.0,24.2,290000.0,0.0,1000000.0,1646750.0,1.64675,24.2,24.2,1.0,0.1136577282747446,0.7006220105484765,0.18572026117677895,collapsed_after_success,False,True,True,10000.0,10000.0,10000.0,290000.0,489.0,0.49,0.66,0.13904112726225212,0.41550331057053447,0.4454555621672134,0.010000000000000009,10000.0,0.00011178779683894824,0.008978462338447572,0.02475136095328162,0.0,0.6778368305563927,0.6919673312008381,0.009265466034412384,-0.007692367643117905,0.0,0.0,0.0,False,False,False,False,False,20.0,700000.0,0.0
full_freeway_1m_5seeds_20260516_154706,dqn_no_replay,2,freeway_dqn_no_replay_seed2_20260517_023234,output/full_freeway_1m_5seeds_20260516_154706/freeway/dqn_no_replay/seed_2/freeway_dqn_no_replay_seed2_20260517_023234,completed,ALE/Freeway-v5,1000000.0,10000.0,50000.0,,6.25e-05,0.00015,1.0,0.99,0.0,0.0,1.0,1.0,8000.0,250000.0,0.01,0.001,False,True,False,False,100.0,22.0,250000.0,0.0,1000000.0,1139500.0,1.1395,22.0,22.0,1.0,0.008999586522477,0.9905845976460542,0.00041581583146887345,collapsed_after_success,False,True,True,90000.0,90000.0,90000.0,,489.0,0.04,0.96,0.03697392396357882,0.4707175325599129,0.4923085434765083,0.010000000000000009,10000.0,4.988122964626196e-07,0.0006029574424028396,0.0008128775879069394,0.0,0.0752436622157693,0.0797940021827817,0.0046069746799767015,-0.0006956418603658676,0.0,0.0,0.0,False,False,False,False,False,20.0,250000.0,0.0
full_freeway_1m_5seeds_20260516_154706,dqn_no_replay,3,freeway_dqn_no_replay_seed3_20260517_023234,output/full_freeway_1m_5seeds_20260516_154706/freeway/dqn_no_replay/seed_3/freeway_dqn_no_replay_seed3_20260517_023234,completed,ALE/Freeway-v5,1000000.0,10000.0,50000.0,,6.25e-05,0.00015,1.0,0.99,0.0,0.0,1.0,1.0,8000.0,250000.0,0.01,0.001,False,True,False,False,100.0,15.85,140000.0,0.0,1000000.0,1084000.0,1.084,15.85,15.85,1.0,0.12351053713514912,0.3055997472685742,0.5708897155962768,collapsed_after_success,False,True,True,50000.0,50000.0,120000.0,,489.0,0.3,0.83,0.10866062375377665,0.45759488229106593,0.4337444939551574,0.010000000000000009,10000.0,0.00018770578429339846,0.014920694598928095,0.03879810134577838,0.0,0.49816119427233935,0.5204669673144817,0.023779267951846123,-0.005568133413791657,0.0,0.0,0.0,False,False,False,False,False,20.0,50000.0,0.0
full_freeway_1m_5seeds_20260516_154706,dqn_no_replay,4,freeway_dqn_no_replay_seed4_20260517_023234,output/full_freeway_1m_5seeds_20260516_154706/freeway/dqn_no_replay/seed_4/freeway_dqn_no_replay_seed4_20260517_023234,completed,ALE/Freeway-v5,1000000.0,10000.0,50000.0,,6.25e-05,0.00015,1.0,0.99,0.0,0.0,1.0,1.0,8000.0,250000.0,0.01,0.001,False,True,False,False,100.0,22.35,70000.0,0.0,1000000.0,1269250.0,1.26925,22.35,22.35,1.0,0.012619451921998842,0.5581595820877056,0.4292209659902955,collapsed_after_success,False,True,True,40000.0,40000.0,40000.0,,489.0,0.01,0.99,0.05033900856870746,0.5512639425424029,0.3983970488888897,0.010000000000000009,10000.0,5.055736949388345e-05,0.007830225192010402,0.014799796063893155,0.0,0.4048347250968218,0.4209083449691534,0.015483795620501041,-0.004109190545976162,0.0,0.0,0.0,False,False,False,False,False,20.0,100000.0,0.0
full_freeway_1m_5seeds_20260516_154706,dqn_no_target,0,freeway_dqn_no_target_seed0_20260516_231921,output/full_freeway_1m_5seeds_20260516_154706/freeway/dqn_no_target/seed_0/freeway_dqn_no_target_seed0_20260516_231921,completed,ALE/Freeway-v5,1000000.0,10000.0,50000.0,,6.25e-05,0.00015,32.0,0.99,25000.0,20000.0,4.0,1.0,8000.0,250000.0,0.01,0.001,True,False,False,False,100.0,20.35,460000.0,0.0,1000000.0,471000.0,0.471,20.35,20.35,1.0,0.03810075656582936,0.7126286771011172,0.24927056633305336,collapsed_after_success,False,True,True,30000.0,30000.0,460000.0,,489.0,0.0,1.0,0.041909408995697166,0.7302308304648782,0.22785976053942458,0.010000000000000009,2450.0,5.672592298619098e-07,0.0007733489573239444,0.0004210411134408787,0.0,0.0025663613463314744,0.005624545901082456,0.0021956477960457608,2.472924201616219e-06,0.0,0.0,12464.388520408163,False,False,False,False,False,20.0,450000.0,0.0
full_freeway_1m_5seeds_20260516_154706,dqn_no_target,1,freeway_dqn_no_target_seed1_20260516_231921,output/full_freeway_1m_5seeds_20260516_154706/freeway/dqn_no_target/seed_1/freeway_dqn_no_target_seed1_20260516_231921,completed,ALE/Freeway-v5,1000000.0,10000.0,50000.0,,6.25e-05,0.00015,32.0,0.99,25000.0,20000.0,4.0,1.0,8000.0,250000.0,0.01,0.001,True,False,False,False,100.0,19.6,320000.0,0.0,1000000.0,491500.0,0.4915,19.6,19.6,1.0,0.04780720191482481,0.6214292762721627,0.3307635218130124,collapsed_after_success,False,True,True,40000.0,320000.0,320000.0,,489.0,0.0,1.0,0.06291273167492895,0.5984360540966146,0.33865121422845645,0.010000000000000009,2450.0,5.94134621794684e-07,0.000815523303902651,0.00039531437885633917,0.0,0.0019207750156167503,0.004677455320156046,0.0018685509312935933,-1.0452318309369135e-05,0.0,0.0,12502.836479591837,False,False,False,False,False,20.0,50000.0,0.0
full_freeway_1m_5seeds_20260516_154706,dqn_no_target,2,freeway_dqn_no_target_seed2_20260516_231921,output/full_freeway_1m_5seeds_20260516_154706/freeway/dqn_no_target/seed_2/freeway_dqn_no_target_seed2_20260516_231921,completed,ALE/Freeway-v5,1000000.0,10000.0,50000.0,,6.25e-05,0.00015,32.0,0.99,25000.0,20000.0,4.0,1.0,8000.0,250000.0,0.01,0.001,True,False,False,False,100.0,1.55,40000.0,0.0,1000000.0,23500.0,0.0235,1.55,1.55,1.0,0.21189498605424323,0.3152105192570184,0.4728944946887383,never_reached_success,False,False,False,,,,,489.0,0.0,1.0,0.18239733275403192,0.37871978135463097,0.43888288589133717,0.010000000000000009,2450.0,3.9991981293728807e-07,0.0007017490976699152,0.0004574853974413507,0.0,0.0024766083525218146,0.00381888537489505,0.0011730641720588415,-3.7316823905637983e-06,0.0,0.0,12564.917219387755,False,False,True,False,False,20.0,50000.0,0.0
full_freeway_1m_5seeds_20260516_154706,dqn_no_target,3,freeway_dqn_no_target_seed3_20260516_231921,output/full_freeway_1m_5seeds_20260516_154706/freeway/dqn_no_target/seed_3/freeway_dqn_no_target_seed3_20260516_231921,completed,ALE/Freeway-v5,1000000.0,10000.0,50000.0,,6.25e-05,0.00015,32.0,0.99,25000.0,20000.0,4.0,1.0,8000.0,250000.0,0.01,0.001,True,False,False,False,100.0,21.6,20000.0,0.0,1000000.0,585250.0,0.58525,21.6,21.6,1.0,0.30625639311365666,0.42275327486331993,0.2709903320230235,collapsed_after_success,False,True,True,10000.0,10000.0,10000.0,,489.0,0.0,1.0,0.2806880529777849,0.44336834415968923,0.2759436028625259,0.010000000000000009,2450.0,2.389300090276358e-07,0.0005429980523257079,0.00017641122001211388,0.0,0.0006031569746594368,0.0015166722971005175,0.0008759854817572906,-1.0019426034497364e-05,0.0,0.0,12546.84081632653,False,False,False,False,False,20.0,150000.0,0.0
full_freeway_1m_5seeds_20260516_154706,dqn_no_target,4,freeway_dqn_no_target_seed4_20260516_231921,output/full_freeway_1m_5seeds_20260516_154706/freeway/dqn_no_target/seed_4/freeway_dqn_no_target_seed4_20260516_231921,completed,ALE/Freeway-v5,1000000.0,10000.0,50000.0,,6.25e-05,0.00015,32.0,0.99,25000.0,20000.0,4.0,1.0,8000.0,250000.0,0.01,0.001,True,False,False,False,100.0,14.55,20000.0,0.0,1000000.0,269000.0,0.269,14.55,14.55,1.0,0.24733667770759693,0.36352961822985635,0.3891337040625467,never_reached_success,False,False,False,20000.0,20000.0,,,489.0,0.0,1.0,0.2323084746200264,0.39545114256053604,0.3722403828194378,0.010000000000000009,2450.0,5.427691080837706e-07,0.000816554079136374,0.0003949275942357751,0.0,0.0018113069076207467,0.003320929442285275,0.0014213522492280725,4.195978827014261e-06,0.0,0.0,12355.002168367348,False,False,False,False,False,20.0,50000.0,0.0
full_freeway_1m_5seeds_20260519_145346,dqn,1,freeway_dqn_seed1_20260519_145348,output/full_freeway_1m_5seeds_20260519_145346/freeway/dqn/seed_1/freeway_dqn_seed1_20260519_145348,completed,ALE/Freeway-v5,1000000.0,10000.0,50000.0,,6.25e-05,0.00015,32.0,0.99,25000.0,20000.0,4.0,1.0,8000.0,250000.0,0.01,0.001,True,True,False,False,100.0,18.05,60000.0,8.5,1000000.0,1002000.0,1.002,9.55,18.05,0.0,0.4868957589303239,0.22675661017280685,0.2863476308968693,partial_after_success,False,True,False,60000.0,60000.0,60000.0,,489.0,0.57,0.59,0.24410870185578623,0.41685471050758066,0.3390365876366331,0.010000000000000009,2450.0,9.904966657127168e-05,0.009188397287638211,0.02795601661830228,0.0,0.9683935065658725,0.9859263035715843,0.015542059524783066,-0.007000352411854024,0.0003826530612244898,0.002130522046770368,12502.836479591837,False,False,False,False,False,20.0,50000.0,8.5
full_freeway_1m_5seeds_20260519_145346,dqn,3,freeway_dqn_seed3_20260519_145348,output/full_freeway_1m_5seeds_20260519_145346/freeway/dqn/seed_3/freeway_dqn_seed3_20260519_145348,completed,ALE/Freeway-v5,1000000.0,10000.0,50000.0,,6.25e-05,0.00015,32.0,0.99,25000.0,20000.0,4.0,1.0,8000.0,250000.0,0.01,0.001,True,True,False,False,100.0,22.35,950000.0,22.3,1000000.0,5090250.0,5.09025,0.05000000000000071,1.3500000000000014,0.0,0.8500744403458105,0.05190062205888363,0.09802493759530576,stable_success,True,True,False,10000.0,10000.0,10000.0,,489.0,15.1,0.0,0.5483184335372293,0.17960985003153554,0.2720717164312353,0.010000000000000009,2450.0,0.0005386502932215451,0.02337115987070969,0.06623072670582605,0.0,0.9887050845185105,1.0471530826724305,0.07429867096397341,0.0026108213833400183,0.01020408163265306,0.05104123220151784,12546.84081632653,False,False,False,False,False,20.0,950000.0,22.3
