variant,variant_label,seed,run_id,run_dir,training_completed,total_env_steps,total_updates,total_episodes,wall_time_total_sec,env_steps_per_second,updates_per_second,final_return,final_return_median,final_return_std_within_eval,best_return,best_eval_step,area_under_eval_curve,normalized_auc,final_train_return_mean_last_100,final_train_return_std_last_100,success_threshold,first_reach_step,first_sustained_step,reached_threshold,collapse_count,largest_eval_drop,largest_eval_drop_fraction,eval_return_std_across_time,rolling_return_std_mean,td_loss_last10,td_error_abs_mean_last10,td_error_abs_p95_last10,grad_norm_mean_last10,grad_norm_max,gradient_clip_fraction,q_overestimation_proxy_last10,online_q_mean_last10,online_q_max_mean_last10,target_q_mean_last10,max_q_value_seen,replay_enabled,final_buffer_size,sample_age_mean_last10,sample_consecutive_transition_fraction_last10,target_network_enabled,target_update_count,online_target_param_l2_mean,online_target_param_l2_max,nan_detected,inf_detected,loss_explosion,q_value_explosion,gradient_explosion,early_terminated,use_target_network,use_replay_buffer,use_double_dqn,use_dueling_network,learning_rate,gamma,batch_size,target_update_frequency,epsilon_decay_steps,best_final_gap,final_solved
dqn,DQN baseline,0,lunarlander_v3_dqn_seed0_20260515_103624,output/lunarlander_v3/dqn/seed_0/lunarlander_v3_dqn_seed0_20260515_103624,True,500000.0,123751.0,1352.0,670.2362577229942,746.005597636062,184.63787742612064,250.41310561092024,254.01139078241573,28.060236074953828,257.0788162376915,260000.0,23954198.27454022,47.908396549080436,220.41036031329818,86.69084291391253,200.0,260000.0,460000.0,True,12.0,269.6788228392431,1.0490122320693347,135.3722906004842,86.69084291391253,0.8915784542819833,1.1282773610295318,1.538480248393082,8.903221246723858,10.000000230828297,0.6178861788617886,0.05171817686499619,21.079136894970404,21.427058847939097,21.3753406710741,149.8445587158203,True,100000.0,50098.90637703252,0.0005161956381468576,True,501.0,0.3398641594807425,0.5095629409461865,False,False,False,False,False,False,True,True,False,False,0.0005,0.99,64.0,1000.0,100000.0,6.665710626771272,True
dqn,DQN baseline,1,lunarlander_v3_dqn_seed1_20260515_104735,output/lunarlander_v3/dqn/seed_1/lunarlander_v3_dqn_seed1_20260515_104735,True,500000.0,123751.0,1648.0,655.3057439709955,763.0026206853003,188.84467462485318,231.41904309641745,249.9174828697631,58.97761711233273,276.4263519846596,450000.0,61022572.08192638,122.04514416385277,263.5738363599785,31.664353897454767,200.0,140000.0,260000.0,True,10.0,250.69754791604083,1.085635632357614,139.06352996496278,31.664353897454767,0.8849508673316095,1.1182005463576898,1.3369792501131694,8.817722081924261,10.000000986270559,0.6178861788617886,0.1501118109478214,34.89168450890518,35.27571732435769,35.12560551340987,169.5813751220703,True,100000.0,49999.07151930894,0.00038714672861014324,True,501.0,0.2908015097109421,0.4109351992493258,False,False,False,False,False,False,True,True,False,False,0.0005,0.99,64.0,1000.0,100000.0,45.007308888242164,True
dqn,DQN baseline,2,lunarlander_v3_dqn_seed2_20260515_105831,output/lunarlander_v3/dqn/seed_2/lunarlander_v3_dqn_seed2_20260515_105831,True,500000.0,123751.0,1656.0,648.5586053739971,770.9403527406294,190.80927918401125,7.847503480223663,-4.653286973399463,72.4047532269276,258.2986742554058,340000.0,35601291.95172515,71.20258390345029,167.41557701963794,120.37125101924794,200.0,230000.0,,True,13.0,256.10729384850185,0.9915160988989936,127.69612704309135,120.37125101924794,1.1127809293386413,1.4182820916175842,3.0794395901323335,9.801987845967586,10.000001509196476,0.8373983739837398,0.24883726166515815,63.30088269613623,64.08605209598696,63.837214834321806,222.06497192382812,True,100000.0,49776.18343495935,0.0005161956381468576,True,501.0,0.3728393255140177,0.6295503645024512,False,False,False,False,False,False,True,True,False,False,0.0005,0.99,64.0,1000.0,100000.0,250.45117077518213,False
dqn,DQN baseline,3,lunarlander_v3_dqn_seed3_20260515_110919,output/lunarlander_v3/dqn/seed_3/lunarlander_v3_dqn_seed3_20260515_110919,True,500000.0,123751.0,1864.0,628.5685452769976,795.4581942684707,196.87749399783505,262.41577068554915,274.9144745977886,41.01851046920385,280.03721177292323,430000.0,67476151.41013652,134.95230282027305,241.8393369235746,85.10390020281112,200.0,160000.0,210000.0,True,4.0,227.00471156882395,0.9434644790410865,154.50493638330053,85.10390020281112,0.7852376482593335,1.0425036004403743,1.7411280235623925,9.710643472232505,10.00000114163843,0.8373983739837398,0.15462208569534425,42.930858860170936,43.450345729424704,43.29572364372936,167.78863525390625,True,100000.0,49938.895452235774,0.0007742934572202865,True,501.0,0.34056193126111645,0.5533501554189665,False,False,False,False,False,False,True,True,False,False,0.0005,0.99,64.0,1000.0,100000.0,17.62144108737408,True
dqn,DQN baseline,4,lunarlander_v3_dqn_seed4_20260515_111948,output/lunarlander_v3/dqn/seed_4/lunarlander_v3_dqn_seed4_20260515_111948,True,500000.0,123751.0,1345.0,646.7779386899929,773.0628552555733,191.33460280146488,148.93082195541245,179.99239772716174,100.92670986469454,221.9887446727836,230000.0,32169878.380925495,64.33975676185099,227.99994853060346,95.32190130927471,200.0,150000.0,,True,24.0,258.30918733620615,1.1636138927537056,118.47179163002338,95.32190130927471,0.6164735478720045,0.8570573194240166,1.1031041004793432,8.75864940621048,10.000000743800747,0.5772357723577236,0.09486800868336748,19.370324964445782,19.714152088010213,19.619284079326846,145.81285095214844,True,100000.0,49551.423653455284,0.000645244547683572,True,501.0,0.2752403303096297,0.42359801729822294,False,False,False,True,False,False,True,True,False,False,0.0005,0.99,64.0,1000.0,100000.0,73.05792271737116,False
dqn_no_target,DQN without target network,0,lunarlander_v3_dqn_no_target_seed0_20260515_113035,output/lunarlander_v3/dqn_no_target/seed_0/lunarlander_v3_dqn_no_target_seed0_20260515_113035,True,500000.0,123751.0,1317.0,626.0679912400083,798.6353031875749,197.66383480953115,199.15850312588523,196.4581375185845,56.723568397182575,262.89091250567446,340000.0,1665977.817372175,3.3319556347443497,210.40498925548954,81.4655424934691,200.0,250000.0,,True,19.0,325.2456909456428,1.3794452546543723,142.66996019166237,81.4655424934691,0.8872683372923998,1.1388012623883845,1.9008089512344297,7.438625431119927,10.000000324350543,0.23577235772357724,0.2455807933962442,19.240722317036575,19.790423164522746,19.5448423711265,178.8817596435547,True,100000.0,50098.90637703252,0.0005161956381468576,False,,,,False,False,False,True,False,False,False,True,False,False,0.0005,0.99,64.0,1000.0,100000.0,63.73240937978923,False
dqn_no_target,DQN without target network,1,lunarlander_v3_dqn_no_target_seed1_20260515_114101,output/lunarlander_v3/dqn_no_target/seed_1/lunarlander_v3_dqn_no_target_seed1_20260515_114101,True,500000.0,123751.0,1495.0,619.0730680359993,807.6591049037928,199.8972437818985,233.14660830527197,262.5566456535963,73.5869852141127,238.61153738130352,400000.0,26840546.359773107,53.681092719546214,216.69487392733026,97.42592895714206,200.0,180000.0,,True,17.0,257.74868577897377,1.2282079326889939,140.67356560335548,97.42592895714206,0.7958619897443104,1.0242250762819274,1.5709369022671769,6.352485559696521,9.9999999855645,0.06504065040650407,0.19067665038070059,41.63600226921764,42.14487308409156,41.954196433710855,169.51466369628906,True,100000.0,49999.07151930894,0.00038714672861014324,False,,,,False,False,False,True,False,False,False,True,False,False,0.0005,0.99,64.0,1000.0,100000.0,5.464929076031552,True
dqn_no_target,DQN without target network,2,lunarlander_v3_dqn_no_target_seed2_20260515_115120,output/lunarlander_v3/dqn_no_target/seed_2/lunarlander_v3_dqn_no_target_seed2_20260515_115120,True,500000.0,123751.0,1578.0,619.4250595129997,807.2001484620379,199.7836511446513,163.86029036975503,148.12732670413533,77.93451088714575,255.92865211621785,380000.0,47701731.89243824,95.40346378487648,205.61898583649378,95.75242875740012,200.0,100000.0,,True,23.0,287.191020137428,1.122152669358075,143.21010158557402,95.75242875740012,0.7428863833287382,0.958327997627297,1.244565836782378,5.51182863431494,9.999999837763607,0.032520325203252036,0.2026840303002334,30.20248138613817,30.751175174868205,30.548491144567972,174.6415557861328,True,100000.0,49776.18343495935,0.0005161956381468576,False,,,,False,False,False,True,False,False,False,True,False,False,0.0005,0.99,64.0,1000.0,100000.0,92.06836174646281,False
dqn_no_target,DQN without target network,3,lunarlander_v3_dqn_no_target_seed3_20260515_120139,output/lunarlander_v3/dqn_no_target/seed_3/lunarlander_v3_dqn_no_target_seed3_20260515_120139,True,500000.0,123751.0,1411.0,626.4878321739961,798.1000975947665,197.5313703548999,263.0185373511305,269.522842625733,30.0237393886975,268.0336167192552,470000.0,32025159.681571636,64.05031936314327,238.55671285722283,67.12007629366155,200.0,280000.0,,True,11.0,359.21395249112663,1.4597909043417003,133.92614687280008,67.12007629366155,0.4734337479481852,0.7134264882017927,1.3785696868004838,6.363260554354576,9.99999980619177,0.056910569105691054,0.15694540690600386,34.9789528885508,35.53103518292187,35.374089776015865,193.60581970214844,True,100000.0,49938.895452235774,0.0007742934572202865,False,,,,False,False,False,True,False,False,False,True,False,False,0.0005,0.99,64.0,1000.0,100000.0,5.015079368124702,True
dqn_no_target,DQN without target network,4,lunarlander_v3_dqn_no_target_seed4_20260515_121206,output/lunarlander_v3/dqn_no_target/seed_4/lunarlander_v3_dqn_no_target_seed4_20260515_121206,True,500000.0,123751.0,1247.0,633.6944116789964,789.023843014856,195.28497919386288,-19.733204902510597,-19.39533982876246,18.697833824477723,250.83863677235612,280000.0,30967126.55515917,61.93425311031834,236.73669825205445,52.58235238744186,200.0,220000.0,,True,19.0,279.8451857196357,1.1156382817277226,126.80008937225656,52.58235238744186,0.6408584142421804,0.8653343087289391,1.3840396908240589,5.197208179840619,9.999998536542883,0.016260162601626018,0.1213072257313302,21.151704268726878,21.543131626718413,21.42182440098708,184.29164123535156,True,100000.0,49551.423653455284,0.000645244547683572,False,,,,False,False,False,True,False,False,False,True,False,False,0.0005,0.99,64.0,1000.0,100000.0,270.57184167486673,False
dqn_no_replay,DQN without replay buffer,0,lunarlander_v3_dqn_no_replay_seed0_20260515_122240,output/lunarlander_v3/dqn_no_replay/seed_0/lunarlander_v3_dqn_no_replay_seed0_20260515_122240,True,500000.0,500000.0,2858.0,1969.9692053320032,253.8110741257673,253.8110741257673,-20.325711222742108,-12.692239638968253,84.27993118461826,112.91124394273125,40000.0,-59600657.59689997,-119.20131519379994,-172.496840330787,109.5580571338968,200.0,,,False,0.0,0.0,0.0,176.14083407723683,109.5580571338968,1.9593941827464159,2.357412930727005,2.357412930727005,9.482703194912533,10.00000162569327,0.91,-1.382667834997177,124.00424237763882,126.37624038219452,127.7589082171917,2043.3388671875,False,0.0,0.0,1.0,True,501.0,0.9649882334085154,1.8647146479221914,False,False,True,True,True,False,True,False,False,False,0.0005,0.99,1.0,1000.0,100000.0,133.23695516547335,False
dqn_no_replay,DQN without replay buffer,1,lunarlander_v3_dqn_no_replay_seed1_20260515_125530,output/lunarlander_v3/dqn_no_replay/seed_1/lunarlander_v3_dqn_no_replay_seed1_20260515_125530,True,500000.0,500000.0,2732.0,1993.7697639830003,250.78121307303726,250.78121307303726,-107.7180279158503,-126.47047411715238,50.26288368314837,88.799179177832,90000.0,-82370920.42429306,-164.74184084858612,-255.54280573454963,242.94059841969246,200.0,,,False,0.0,0.0,0.0,199.40486483332919,242.94059841969246,1.2689884938672402,1.6245971117019653,1.6245971117019653,9.258253122840687,10.000001519359532,0.828,-1.842025763273239,125.00804727101325,126.46379304981232,128.30581881308555,851.584716796875,False,0.0,0.0,1.0,True,501.0,0.7791070090366616,1.889711625499096,False,False,True,True,True,False,True,False,False,False,0.0005,0.99,1.0,1000.0,100000.0,196.51720709368232,False
dqn_no_replay,DQN without replay buffer,2,lunarlander_v3_dqn_no_replay_seed2_20260515_132844,output/lunarlander_v3/dqn_no_replay/seed_2/lunarlander_v3_dqn_no_replay_seed2_20260515_132844,True,500000.0,500000.0,2709.0,2001.2550453110016,249.84321772055713,249.84321772055713,7.080555355783841,-31.74994656165749,100.46372385108643,78.785900189125,480000.0,-61568819.79880389,-123.13763959760777,-73.23877353704958,83.42117799013326,200.0,,,False,0.0,0.0,0.0,117.98350842081325,83.42117799013326,0.5203049891158953,0.8709671074748039,0.8709671074748039,8.919730843729567,10.00000129519022,0.778,-0.48480990511178973,46.53978273510933,47.87031734770537,48.355127252817155,421.8068542480469,False,0.0,0.0,1.0,True,501.0,0.9032963799469148,2.018894409655424,False,False,False,False,True,False,True,False,False,False,0.0005,0.99,1.0,1000.0,100000.0,71.70534483334116,False
dqn_no_replay,DQN without replay buffer,3,lunarlander_v3_dqn_no_replay_seed3_20260515_140205,output/lunarlander_v3/dqn_no_replay/seed_3/lunarlander_v3_dqn_no_replay_seed3_20260515_140205,True,500000.0,500000.0,2456.0,2013.1713098570035,248.36435804140046,248.36435804140046,-158.93548870145497,-163.5850263503128,45.77792414462309,101.00356158078648,10000.0,-62529695.26462172,-125.05939052924344,-119.6183250538429,88.47026163585024,200.0,,,False,0.0,0.0,0.0,103.06341585169605,88.47026163585024,0.9604072758122784,1.322666750907898,1.322666750907898,9.244744432225703,10.000001364573743,0.852,-0.8481764875650406,75.21396820306778,76.54856330764294,77.39673979520798,696.8831787109375,False,0.0,0.0,1.0,True,501.0,0.7992391550873968,2.0813362667626274,False,False,False,False,True,False,True,False,False,False,0.0005,0.99,1.0,1000.0,100000.0,259.93905028224145,False
dqn_no_replay,DQN without replay buffer,4,lunarlander_v3_dqn_no_replay_seed4_20260515_143539,output/lunarlander_v3/dqn_no_replay/seed_4/lunarlander_v3_dqn_no_replay_seed4_20260515_143539,True,500000.0,500000.0,2294.0,2000.4953789940046,249.93809295947315,249.93809295947315,-285.7660956043181,-290.8963103855642,73.69445363919777,162.15930399059434,10000.0,-182193098.69693705,-364.3861973938741,-550.4114528576908,417.53740673361983,200.0,,,False,0.0,0.0,0.0,401.44408907909144,417.53740673361983,1.493873616963101,1.8826310305595397,1.8826310305595397,9.801047016681983,10.000001578219111,0.956,-3.2726188373565672,264.9496078653336,267.0035366406441,270.27615547800065,3209.905029296875,False,0.0,0.0,1.0,True,501.0,0.5696248139556449,1.5748493579744214,False,False,True,True,True,False,True,False,False,False,0.0005,0.99,1.0,1000.0,100000.0,447.9253995949124,False
double_dqn,Double DQN,0,lunarlander_v3_double_dqn_seed0_20260515_150859,output/lunarlander_v3/double_dqn/seed_0/lunarlander_v3_double_dqn_seed0_20260515_150859,True,500000.0,123751.0,1636.0,666.6702635199908,749.9959535618419,185.625498498463,264.15241624548423,270.40282487900214,34.74871585952036,267.8968373895841,330000.0,39422156.34489619,78.84431268979237,222.46740510028278,101.3864925905445,200.0,230000.0,300000.0,True,11.0,207.34548838527022,0.7739751256702662,133.25905478079468,101.3864925905445,0.9183510956846601,1.2002925007808498,2.0450370074287663,9.734631022810676,10.000001222756616,0.9024390243902439,0.3965710585679465,52.77412527751147,53.342496391234356,52.94592533266641,191.04579162597656,True,100000.0,50098.90637703252,0.0005161956381468576,True,501.0,0.31569916333695625,0.47398318112967763,False,False,False,False,False,False,True,True,True,False,0.0005,0.99,64.0,1000.0,100000.0,3.7444211440998743,True
double_dqn,Double DQN,1,lunarlander_v3_double_dqn_seed1_20260515_152006,output/lunarlander_v3/double_dqn/seed_1/lunarlander_v3_double_dqn_seed1_20260515_152006,True,500000.0,123751.0,1576.0,665.9142949429952,750.8473745000503,185.83622688351142,260.7277806367796,261.909461861495,29.101885576695466,276.9358600560432,350000.0,45855418.88569867,91.71083777139734,242.07920370780067,75.64463066472553,200.0,200000.0,430000.0,True,12.0,202.55637667837962,1.0127404091732124,138.85180117748632,75.64463066472553,0.9592839732947873,1.2024686622425793,1.7625454678768064,9.28775137010806,10.00000105145149,0.7154471544715447,0.2295464151273898,29.28952950578395,29.712276117588445,29.482729702461057,145.44993591308594,True,100000.0,49999.07151930894,0.00038714672861014324,True,501.0,0.32302820526391735,0.5312804944521797,False,False,False,False,False,False,True,True,True,False,0.0005,0.99,64.0,1000.0,100000.0,16.20807941926364,True
double_dqn,Double DQN,2,lunarlander_v3_double_dqn_seed2_20260515_153112,output/lunarlander_v3/double_dqn/seed_2/lunarlander_v3_double_dqn_seed2_20260515_153112,True,500000.0,123751.0,1293.0,676.5809744319995,739.0098434555567,182.90641427493722,232.73580403393717,224.19084843372087,41.479825325315254,260.9840385253811,430000.0,-51707.77666254202,-0.10341555332508404,219.76175928550126,102.50034855110034,200.0,410000.0,,True,4.0,219.25733371904553,0.9892308044491785,115.1847184830444,102.50034855110034,0.8827666195669794,1.1170602574096462,1.6071512190307058,8.734379774374958,10.00000086585056,0.5772357723577236,0.16392110809078062,29.530719229845495,29.89966527427115,29.73574416618037,147.15907287597656,True,100000.0,49776.18343495935,0.0005161956381468576,True,501.0,0.35378390808729104,0.5606443251485602,False,False,False,False,False,False,True,True,True,False,0.0005,0.99,64.0,1000.0,100000.0,28.248234491443924,True
double_dqn,Double DQN,3,lunarlander_v3_double_dqn_seed3_20260515_154229,output/lunarlander_v3/double_dqn/seed_3/lunarlander_v3_double_dqn_seed3_20260515_154229,True,500000.0,123751.0,1531.0,665.8235580900073,750.9496981967842,185.8615522031005,147.84794054895386,141.8016488570495,115.92236561313025,257.79588422408045,270000.0,37151996.74147625,74.3039934829525,179.2257747288668,111.90425244170068,200.0,200000.0,,True,17.0,248.14431412021113,1.0168026687406821,125.58520726647295,111.90425244170068,0.7289118992119301,0.9705454401853608,1.3534499348663702,8.957429249395917,10.000001125479985,0.5609756097560976,0.16538102840020405,28.079964226823513,28.501399086742865,28.336018058342663,157.7593994140625,True,100000.0,49938.895452235774,0.0007742934572202865,True,501.0,0.32033008771658367,0.45284485289241555,False,False,False,False,False,False,True,True,True,False,0.0005,0.99,64.0,1000.0,100000.0,109.9479436751266,False
double_dqn,Double DQN,4,lunarlander_v3_double_dqn_seed4_20260515_155335,output/lunarlander_v3/double_dqn/seed_4/lunarlander_v3_double_dqn_seed4_20260515_155335,True,500000.0,123751.0,1356.0,667.9701556860091,748.5364364617416,185.26426509715398,234.25352059132123,244.6961190833851,54.74398931453632,273.0037140944842,330000.0,28113009.828031383,56.22601965606277,222.66468727619574,80.56687835884064,200.0,250000.0,,True,15.0,275.77243693464203,1.0101417039300775,125.95079785362117,80.56687835884064,0.5208322367047876,0.7502200020764901,1.0149024143451597,9.0004577434742,10.000000749749569,0.5934959349593496,0.10817098423717468,11.426926760169549,11.741401569630073,11.633230585392898,150.86959838867188,True,100000.0,49551.423653455284,0.000645244547683572,True,501.0,0.2893816650174453,0.44994815352926465,False,False,False,True,False,False,True,True,True,False,0.0005,0.99,64.0,1000.0,100000.0,38.75019350316299,True
dueling_dqn,Dueling DQN,0,lunarlander_v3_dueling_dqn_seed0_20260515_160443,output/lunarlander_v3/dueling_dqn/seed_0/lunarlander_v3_dueling_dqn_seed0_20260515_160443,True,500000.0,123751.0,1164.0,792.6708590220078,630.7788337480916,156.11902291032015,251.4902755382678,252.12289201455184,21.205576896237968,263.2630689650993,460000.0,-1088041.4510061848,-2.1760829020123698,257.36040668161985,40.585181229176705,200.0,410000.0,,True,4.0,433.1565415310908,1.7423561528992733,122.64293502031728,40.585181229176705,0.5325216052493429,0.7512188934213747,1.0306727571216057,8.218469294020434,10.000000582094055,0.42276422764227645,0.026522407686807276,14.05998783286025,14.305389036008012,14.278866628321206,147.3770294189453,True,100000.0,50098.90637703252,0.0005161956381468576,True,501.0,0.30711101656979,0.48680853878151276,False,False,False,False,True,False,True,True,False,True,0.0005,0.99,64.0,1000.0,100000.0,11.772793426831498,True
dueling_dqn,Dueling DQN,1,lunarlander_v3_dueling_dqn_seed1_20260515_161755,output/lunarlander_v3/dueling_dqn/seed_1/lunarlander_v3_dueling_dqn_seed1_20260515_161755,True,500000.0,123751.0,1352.0,776.177537222,644.1825175584687,159.43646146075614,257.1383893306193,261.16308988904996,18.53429871303862,269.9556116411053,250000.0,30132385.35313815,60.264770706276295,254.31057016450933,61.2625692073671,200.0,250000.0,390000.0,True,9.0,269.36242074008027,0.9978026354132113,154.9983744100098,61.2625692073671,0.5965462287630492,0.8277405810549976,1.037387984554942,8.803046681448688,10.000000998887067,0.5691056910569106,0.05462872885107025,25.31784551511935,25.62722389097136,25.57259516212029,160.9001007080078,True,100000.0,49999.07151930894,0.00038714672861014324,True,501.0,0.3173688999318043,0.49977890746989717,False,False,False,True,False,False,True,True,False,True,0.0005,0.99,64.0,1000.0,100000.0,12.817222310485988,True
dueling_dqn,Dueling DQN,2,lunarlander_v3_dueling_dqn_seed2_20260515_163052,output/lunarlander_v3/dueling_dqn/seed_2/lunarlander_v3_dueling_dqn_seed2_20260515_163052,True,500000.0,123751.0,1754.0,766.7441018130048,652.1080485884729,161.39804624174423,186.5833427511873,259.5235113905677,117.85465601699114,275.2930585206462,430000.0,49757460.26117566,99.51492052235132,195.76889834366014,112.99398765711246,200.0,250000.0,430000.0,True,6.0,142.66822743047533,0.5790183193218367,135.73808391399538,112.99398765711246,0.9072887435010294,1.1403178080795258,1.7545774123532984,8.228157285747928,10.000000379793338,0.3821138211382114,0.17236615002639893,42.688745173012336,43.14902913473486,42.97666298470846,194.16383361816406,True,100000.0,49776.18343495935,0.0005161956381468576,True,501.0,0.3030654744715055,0.4624035303987609,False,False,False,False,False,False,True,True,False,True,0.0005,0.99,64.0,1000.0,100000.0,88.70971576945888,False
dueling_dqn,Dueling DQN,3,lunarlander_v3_dueling_dqn_seed3_20260515_164338,output/lunarlander_v3/dueling_dqn/seed_3/lunarlander_v3_dueling_dqn_seed3_20260515_164338,True,500000.0,123751.0,1713.0,762.7500355640077,655.5227488521585,162.24319138640695,222.15553091434785,257.26003305511404,82.62093709629178,276.863302658801,480000.0,50174348.11586096,100.34869623172192,235.83210467343036,83.6221443200646,200.0,240000.0,270000.0,True,5.0,241.7329144499201,1.05358505161017,137.90157547568262,83.6221443200646,1.020120808688121,1.2755203402139308,1.947698651775112,9.22403297640266,10.000000563776105,0.6829268292682927,0.23664995519126333,52.10895132049313,52.654508451136145,52.417858495944884,155.80531311035156,True,100000.0,49938.895452235774,0.0007742934572202865,True,501.0,0.384480354502949,0.5714339617042956,False,False,False,False,False,False,True,True,False,True,0.0005,0.99,64.0,1000.0,100000.0,54.70777174445314,True
dueling_dqn,Dueling DQN,4,lunarlander_v3_dueling_dqn_seed4_20260515_165621,output/lunarlander_v3/dueling_dqn/seed_4/lunarlander_v3_dueling_dqn_seed4_20260515_165621,True,500000.0,123751.0,1356.0,794.1631189549953,629.5935785307283,155.82566987351234,230.96939688734545,250.72632670136386,64.36756247323929,273.7701727703833,470000.0,27204852.82973444,54.409705659468884,242.8681479688902,62.70247192937862,200.0,240000.0,460000.0,True,14.0,273.25104771141173,1.0454937392113925,131.99918970792805,62.70247192937862,0.6424826266683215,0.8799412192367926,1.3349528942650897,9.030479585866164,10.000000756361958,0.6747967479674797,0.06481022563407092,22.468405762339025,22.77454264571027,22.7097324200762,160.50889587402344,True,100000.0,49551.423653455284,0.000645244547683572,True,501.0,0.3200227450412702,0.6353116363368077,False,False,False,True,True,False,True,True,False,True,0.0005,0.99,64.0,1000.0,100000.0,42.80077588303783,True
double_dueling_dqn,Double + Dueling DQN,0,lunarlander_v3_double_dueling_dqn_seed0_20260515_170935,output/lunarlander_v3/double_dueling_dqn/seed_0/lunarlander_v3_double_dueling_dqn_seed0_20260515_170935,True,500000.0,123751.0,1435.0,790.9155276280071,632.1787631348237,156.46550823339513,264.9033893948318,269.3664998975543,24.114026573509932,269.88835737579706,460000.0,26798592.589456514,53.59718517891303,255.57188079701055,54.340449999431556,200.0,290000.0,440000.0,True,7.0,249.34442385169294,1.019657837073408,143.85541780004124,54.340449999431556,0.9115754113631035,1.156379516289486,2.0919850798157174,9.213190435642082,10.000000423990414,0.7235772357723578,0.15947417127407662,26.120416067480072,26.51860551136296,26.359131340088883,148.7158660888672,True,100000.0,50098.90637703252,0.0005161956381468576,True,501.0,0.277452686979347,0.42126017172485253,False,False,False,False,False,False,True,True,True,True,0.0005,0.99,64.0,1000.0,100000.0,4.98496798096528,True
double_dueling_dqn,Double + Dueling DQN,1,lunarlander_v3_double_dueling_dqn_seed1_20260515_172246,output/lunarlander_v3/double_dueling_dqn/seed_1/lunarlander_v3_double_dueling_dqn_seed1_20260515_172246,True,500000.0,123751.0,1644.0,792.8191318600002,630.6608656465828,156.08982556926054,255.09731949275775,264.4603576923473,59.52958280002736,268.5489038345386,330000.0,49277663.31724271,98.55532663448543,240.189247493786,73.9925354712166,200.0,170000.0,440000.0,True,14.0,286.02606660235585,1.3183008854075247,139.42487576375058,73.9925354712166,0.8426797419059567,1.0851297005405272,1.9012701981435947,9.431587560086637,10.000000210703,0.7154471544715447,0.17055595211866426,26.707440275486892,27.24324721049487,27.072691258376206,157.33497619628906,True,100000.0,49999.07151930894,0.00038714672861014324,True,501.0,0.32170264442252683,0.48805907780767005,False,False,False,False,False,False,True,True,True,True,0.0005,0.99,64.0,1000.0,100000.0,13.45158434178083,True
double_dueling_dqn,Double + Dueling DQN,2,lunarlander_v3_double_dueling_dqn_seed2_20260515_173559,output/lunarlander_v3/double_dueling_dqn/seed_2/lunarlander_v3_double_dueling_dqn_seed2_20260515_173559,True,500000.0,123751.0,1747.0,781.186358772,640.0521391412723,158.4141845417432,263.0674272335395,258.43453046245037,19.796226812213213,273.68789420263016,460000.0,59507162.36428794,119.01432472857589,205.45238497559032,109.13076417045531,200.0,160000.0,310000.0,True,12.0,247.56492207515404,1.1197465476931037,129.22282228804622,109.13076417045531,0.8385731602102761,1.0767913165131235,1.746702095357383,9.274452611463877,10.000000750791486,0.6504065040650406,0.20212161056394498,37.08429080684011,37.55480487172196,37.35268326115802,162.59634399414062,True,100000.0,49776.18343495935,0.0005161956381468576,True,501.0,0.31811062563198245,0.4699856686863622,False,False,False,False,False,False,True,True,True,True,0.0005,0.99,64.0,1000.0,100000.0,10.620466969090671,True
double_dueling_dqn,Double + Dueling DQN,3,lunarlander_v3_double_dueling_dqn_seed3_20260515_174901,output/lunarlander_v3/double_dueling_dqn/seed_3/lunarlander_v3_double_dueling_dqn_seed3_20260515_174901,True,500000.0,123751.0,1048.0,816.7012023209973,612.2190081011775,151.52542894305762,-1.5184736927982831,1.105261165485923,17.938024274086665,155.6244630999931,480000.0,-16600577.132393034,-33.20115426478607,91.55486253536914,115.29732076962716,200.0,,,False,0.0,0.0,0.0,64.07339976372664,115.29732076962716,0.24716375201819388,0.4737103429993963,0.9441222689016079,8.212281030004261,10.000000805960703,0.4878048780487805,0.13143763551867105,-0.4156151869432713,-0.18409673082150094,-0.315534366340172,135.96395874023438,True,100000.0,49938.895452235774,0.0007742934572202865,True,501.0,0.32531255714170165,0.5104034686335539,False,False,False,True,False,False,True,True,True,True,0.0005,0.99,64.0,1000.0,100000.0,157.1429367927914,False
double_dueling_dqn,Double + Dueling DQN,4,lunarlander_v3_double_dueling_dqn_seed4_20260515_180237,output/lunarlander_v3/double_dueling_dqn/seed_4/lunarlander_v3_double_dueling_dqn_seed4_20260515_180237,True,500000.0,123751.0,1503.0,791.6071209579968,631.6264555514658,156.32881100189888,268.45064480409224,270.3456537716679,16.624521296414464,268.45064480409224,500000.0,29048188.01883968,58.096376037679356,244.9983709755673,83.86928757958891,200.0,260000.0,450000.0,True,9.0,221.7558931402287,1.0073470163197635,134.80116365869125,83.86928757958891,1.3307740976655387,1.6175633651938865,3.1364577669438307,9.893312192005263,10.000000822450932,0.9186991869918699,0.10021305859573489,42.73072762217948,43.381877620045735,43.28166456144999,157.9013214111328,True,100000.0,49551.423653455284,0.000645244547683572,True,501.0,0.3867625692623122,0.642219007092053,False,False,False,True,False,False,True,True,True,True,0.0005,0.99,64.0,1000.0,100000.0,0.0,True
